step,feedback,open_loop
0,0.375,0.475
1,0.28124999999999994,0.45125
2,0.21093749999999992,0.42868749999999994
3,0.15820312499999992,0.40725312499999994
4,0.11865234374999994,0.38689046874999994
5,0.08898925781249994,0.3675459453124999
6,0.06674194335937494,0.34916864804687486
7,0.05005645751953121,0.3317102156445311
8,0.0375423431396484,0.31512470486230454
9,0.028156757354736297,0.2993684696191893
10,0.021117568016052222,0.2844000461382298
11,0.015838176012039164,0.2701800438313183
12,0.011878632009029371,0.25667104163975235
13,0.008908974006772027,0.24383748955776471
14,0.00668173050507902,0.23164561507987647
15,0.005011297878809265,0.22006333432588263
16,0.003758473409106948,0.20906016760958848
17,0.002818855056830211,0.19860715922910904
18,0.002114141292622658,0.18867680126765357
19,0.0015856059694669934,0.17924296120427088
20,0.0011892044771002449,0.17028081314405732
21,0.0008919033578251835,0.16176677248685445
22,0.0006689275183688877,0.15367843386251173
23,0.0005016956387766657,0.14599451216938614
24,0.00037627172908249925,0.13869478656091683
25,0.0002822037968118744,0.131760047232871
26,0.0002116528476089058,0.12517204487122743
27,0.00015873963570667933,0.11891344262766605
28,0.0001190547267800095,0.11296777049628275
29,8.929104508500712e-05,0.1073193819714686
30,6.696828381375533e-05,0.10195341287289517
31,5.02262128603165e-05,0.0968557422292504
32,3.7669659645237374e-05,0.09201295511778788
33,2.8252244733928025e-05,0.08741230736189849
34,2.1189183550446018e-05,0.08304169199380357
35,1.5891887662834514e-05,0.07888960739411338
36,1.1918915747125885e-05,0.07494512702440771
37,8.939186810344412e-06,0.07119787067318732
38,6.704390107758308e-06,0.06763797713952795
39,5.0282925808187314e-06,0.06425607828255155
40,0.1200037712194356,0.18104327436842396
41,0.21000282841457668,0.2919911106500027
42,0.2775021213109325,0.39739155511750257
43,0.32812659098319935,0.4975219773616274
44,0.3660949432373995,0.592645878493546
45,0.39457120742804963,0.6830135845688686
46,0.41592840557103716,0.7688629053404251
47,0.43194630417827784,0.8504197600734038
48,0.4439597281337084,0.9278987720697336
49,0.4529697961002812,1.0015038334662467
50,0.45972734707521085,1.0714286417929344
51,0.4647955103064081,1.1378572097032875
52,0.46859663272980606,1.2009643492181232
53,0.47144747454735453,1.260916131757217
54,0.47358560591051585,1.317870325169356
55,0.47518920443288687,1.3719768089108881
56,0.4763919033246651,1.4233779684653438
57,0.47729392749349875,1.4722090700420765
58,0.47797044562012403,1.5185986165399727
59,0.47847783421509305,1.562668685712974
60,0.4788583756613198,1.604535251427325
61,0.47914378174598976,1.6443084888559585
62,0.4793578363094923,1.6820930644131606
63,0.4795183772321192,1.7179884111925023
64,0.47963878292408935,1.7520889906328772
65,0.47972908719306695,1.7844845411012331
66,0.4797968153948002,1.8152603140461712
67,0.4798476115461001,1.8444972983438626
68,0.4798857086595751,1.8722724334266694
69,0.4799142814946813,1.898658811755336
70,0.4799357111210109,1.9237258711675693
71,0.47995178334075816,1.9475395776091906
72,0.4799638375055686,1.9701625987287308
73,0.4799728781291764,1.9916544687922944
74,0.47997965859688224,2.0120717453526797
75,0.47998474394766166,2.0314681580850458
76,0.4799885579607462,2.0498947501807936
77,0.4799914184705596,2.067400012671754
78,0.4799935638529197,2.0840300120381663
79,0.47999517288968974,2.099828511436258
80,0.3599963796672673,1.9948370858644449
81,0.26999728475045043,1.8950952315712226
82,0.2024979635628378,1.8003404699926615
83,0.15187347267212833,1.7103234464930284
84,0.11390510450409626,1.6248072741683768
85,0.08542882837807218,1.5435669104599579
86,0.06407162128355413,1.46638856493696
87,0.0480537159626656,1.3930691366901118
88,0.036040286971999194,1.323415679855606
89,0.027030215228999396,1.2572448958628257
90,0.020272661421749546,1.1943826510696844
91,0.015204496066312157,1.1346635185162002
92,0.011403372049734116,1.0779303425903901
93,0.008552529037300588,1.0240338254608705
94,0.00641439677797544,0.972832134187827
95,0.00481079758348158,0.9241905274784356
96,0.0036080981876111845,0.8779810011045137
97,0.002706073640708388,0.834081951049288
98,0.002029555230531291,0.7923778534968235
99,0.001522166422898468,0.7527589608219823
100,0.0011416248171738509,0.7151210127808832
101,0.0008562186128803881,0.6793649621418391
102,0.0006421639596602911,0.6453967140347471
103,0.0004816229697452182,0.6131268783330097
104,0.00036121722730891366,0.5824705344163592
105,0.00027091292048168523,0.5533470076955412
106,0.0002031846903612639,0.5256796573107642
107,0.0001523885177709479,0.4993956744452259
108,0.00011429138832821092,0.4744258907229646
109,8.571854124615817e-05,0.45070459618681635
110,6.428890593461863e-05,0.4281693663774755
111,4.8216679450963964e-05,0.4067608980586017
112,3.6162509588222975e-05,0.3864228531556716
113,2.712188219116723e-05,0.367101710497888
114,2.034141164337542e-05,0.3487466249729936
115,1.5256058732531563e-05,0.33130929372434387
116,1.144204404939867e-05,0.31474382903812664
117,8.581533037049002e-06,0.2990066375862203
118,6.436149777786752e-06,0.28405630570690926
119,4.827112333340063e-06,0.2698534904215638
