update,energy,overlap
0,-2.9166666666666665,0.5833333333333334
1,-2.9166666666666665,0.5833333333333334
2,-2.9166666666666665,0.5833333333333334
3,-2.9166666666666665,0.5833333333333334
4,-4.666666666666667,0.6666666666666666
5,-4.666666666666667,0.6666666666666666
6,-4.666666666666667,0.6666666666666666
7,-4.666666666666667,0.6666666666666666
8,-4.666666666666667,0.6666666666666666
9,-5.916666666666667,0.75
10,-5.916666666666667,0.75
11,-5.916666666666667,0.75
12,-5.916666666666667,0.75
13,-5.916666666666667,0.75
14,-5.916666666666667,0.75
15,-5.916666666666667,0.75
16,-5.916666666666667,0.75
17,-5.916666666666667,0.75
18,-5.916666666666667,0.75
19,-5.916666666666667,0.75
20,-5.916666666666667,0.75
21,-5.916666666666667,0.75
22,-7.0,0.8333333333333334
23,-7.0,0.8333333333333334
24,-7.0,0.8333333333333334
25,-7.0,0.8333333333333334
26,-7.0,0.8333333333333334
27,-7.0,0.8333333333333334
28,-7.0,0.8333333333333334
29,-7.0,0.8333333333333334
30,-8.583333333333334,0.9166666666666666
31,-8.583333333333334,0.9166666666666666
32,-8.583333333333334,0.9166666666666666
33,-8.583333333333334,0.9166666666666666
34,-8.583333333333334,0.9166666666666666
35,-8.583333333333334,0.9166666666666666
36,-10.666666666666666,1.0
37,-10.666666666666666,1.0
38,-10.666666666666666,1.0
39,-10.666666666666666,1.0
40,-10.666666666666666,1.0
41,-10.666666666666666,1.0
42,-10.666666666666666,1.0
43,-10.666666666666666,1.0
44,-10.666666666666666,1.0
45,-10.666666666666666,1.0
46,-10.666666666666666,1.0
47,-10.666666666666666,1.0
48,-10.666666666666666,1.0
49,-10.666666666666666,1.0
50,-10.666666666666666,1.0
51,-10.666666666666666,1.0
52,-10.666666666666666,1.0
53,-10.666666666666666,1.0
54,-10.666666666666666,1.0
55,-10.666666666666666,1.0
56,-10.666666666666666,1.0
57,-10.666666666666666,1.0
58,-10.666666666666666,1.0
59,-10.666666666666666,1.0
60,-10.666666666666666,1.0
61,-10.666666666666666,1.0
62,-10.666666666666666,1.0
63,-10.666666666666666,1.0
64,-10.666666666666666,1.0
65,-10.666666666666666,1.0
66,-10.666666666666666,1.0
67,-10.666666666666666,1.0
68,-10.666666666666666,1.0
69,-10.666666666666666,1.0
70,-10.666666666666666,1.0
71,-10.666666666666666,1.0
72,-10.666666666666666,1.0
73,-10.666666666666666,1.0
74,-10.666666666666666,1.0
75,-10.666666666666666,1.0
76,-10.666666666666666,1.0
77,-10.666666666666666,1.0
78,-10.666666666666666,1.0
79,-10.666666666666666,1.0
80,-10.666666666666666,1.0
81,-10.666666666666666,1.0
82,-10.666666666666666,1.0
83,-10.666666666666666,1.0
84,-10.666666666666666,1.0
85,-10.666666666666666,1.0
86,-10.666666666666666,1.0
87,-10.666666666666666,1.0
88,-10.666666666666666,1.0
89,-10.666666666666666,1.0
90,-10.666666666666666,1.0
91,-10.666666666666666,1.0
92,-10.666666666666666,1.0
93,-10.666666666666666,1.0
94,-10.666666666666666,1.0
95,-10.666666666666666,1.0
96,-10.666666666666666,1.0
97,-10.666666666666666,1.0
98,-10.666666666666666,1.0
99,-10.666666666666666,1.0
100,-10.666666666666666,1.0
101,-10.666666666666666,1.0
102,-10.666666666666666,1.0
103,-10.666666666666666,1.0
104,-10.666666666666666,1.0
105,-10.666666666666666,1.0
106,-10.666666666666666,1.0
107,-10.666666666666666,1.0
108,-10.666666666666666,1.0
109,-10.666666666666666,1.0
110,-10.666666666666666,1.0
111,-10.666666666666666,1.0
112,-10.666666666666666,1.0
113,-10.666666666666666,1.0
114,-10.666666666666666,1.0
115,-10.666666666666666,1.0
116,-10.666666666666666,1.0
117,-10.666666666666666,1.0
118,-10.666666666666666,1.0
119,-10.666666666666666,1.0
120,-10.666666666666666,1.0
121,-10.666666666666666,1.0
122,-10.666666666666666,1.0
123,-10.666666666666666,1.0
124,-10.666666666666666,1.0
125,-10.666666666666666,1.0
126,-10.666666666666666,1.0
127,-10.666666666666666,1.0
128,-10.666666666666666,1.0
129,-10.666666666666666,1.0
130,-10.666666666666666,1.0
131,-10.666666666666666,1.0
132,-10.666666666666666,1.0
133,-10.666666666666666,1.0
134,-10.666666666666666,1.0
135,-10.666666666666666,1.0
136,-10.666666666666666,1.0
137,-10.666666666666666,1.0
138,-10.666666666666666,1.0
139,-10.666666666666666,1.0
140,-10.666666666666666,1.0
141,-10.666666666666666,1.0
142,-10.666666666666666,1.0
143,-10.666666666666666,1.0
144,-10.666666666666666,1.0
145,-10.666666666666666,1.0
146,-10.666666666666666,1.0
147,-10.666666666666666,1.0
148,-10.666666666666666,1.0
149,-10.666666666666666,1.0
150,-10.666666666666666,1.0
151,-10.666666666666666,1.0
152,-10.666666666666666,1.0
153,-10.666666666666666,1.0
154,-10.666666666666666,1.0
155,-10.666666666666666,1.0
156,-10.666666666666666,1.0
157,-10.666666666666666,1.0
158,-10.666666666666666,1.0
159,-10.666666666666666,1.0
160,-10.666666666666666,1.0
161,-10.666666666666666,1.0
162,-10.666666666666666,1.0
163,-10.666666666666666,1.0
164,-10.666666666666666,1.0
165,-10.666666666666666,1.0
166,-10.666666666666666,1.0
167,-10.666666666666666,1.0
168,-10.666666666666666,1.0
169,-10.666666666666666,1.0
170,-10.666666666666666,1.0
171,-10.666666666666666,1.0
172,-10.666666666666666,1.0
173,-10.666666666666666,1.0
174,-10.666666666666666,1.0
175,-10.666666666666666,1.0
176,-10.666666666666666,1.0
177,-10.666666666666666,1.0
178,-10.666666666666666,1.0
179,-10.666666666666666,1.0
180,-10.666666666666666,1.0
181,-10.666666666666666,1.0
182,-10.666666666666666,1.0
183,-10.666666666666666,1.0
184,-10.666666666666666,1.0
185,-10.666666666666666,1.0
186,-10.666666666666666,1.0
187,-10.666666666666666,1.0
188,-10.666666666666666,1.0
189,-10.666666666666666,1.0
190,-10.666666666666666,1.0
191,-10.666666666666666,1.0
192,-10.666666666666666,1.0
193,-10.666666666666666,1.0
194,-10.666666666666666,1.0
195,-10.666666666666666,1.0
196,-10.666666666666666,1.0
197,-10.666666666666666,1.0
198,-10.666666666666666,1.0
199,-10.666666666666666,1.0
200,-10.666666666666666,1.0
201,-10.666666666666666,1.0
202,-10.666666666666666,1.0
203,-10.666666666666666,1.0
204,-10.666666666666666,1.0
205,-10.666666666666666,1.0
206,-10.666666666666666,1.0
207,-10.666666666666666,1.0
208,-10.666666666666666,1.0
209,-10.666666666666666,1.0
210,-10.666666666666666,1.0
211,-10.666666666666666,1.0
212,-10.666666666666666,1.0
213,-10.666666666666666,1.0
214,-10.666666666666666,1.0
215,-10.666666666666666,1.0
216,-10.666666666666666,1.0
217,-10.666666666666666,1.0
218,-10.666666666666666,1.0
219,-10.666666666666666,1.0
220,-10.666666666666666,1.0
221,-10.666666666666666,1.0
222,-10.666666666666666,1.0
223,-10.666666666666666,1.0
224,-10.666666666666666,1.0
225,-10.666666666666666,1.0
226,-10.666666666666666,1.0
227,-10.666666666666666,1.0
228,-10.666666666666666,1.0
229,-10.666666666666666,1.0
230,-10.666666666666666,1.0
231,-10.666666666666666,1.0
232,-10.666666666666666,1.0
233,-10.666666666666666,1.0
234,-10.666666666666666,1.0
235,-10.666666666666666,1.0
236,-10.666666666666666,1.0
237,-10.666666666666666,1.0
238,-10.666666666666666,1.0
239,-10.666666666666666,1.0
240,-10.666666666666666,1.0
