time_s,sample,alias
0.0,1.0,1.0
0.01,0.8090169943749473,0.8090169943749475
0.02,0.309016994374947,0.30901699437494745
0.03,-0.30901699437494806,-0.3090169943749471
0.04,-0.8090169943749479,-0.8090169943749473
0.05,-1.0,-1.0
0.06,-0.8090169943749467,-0.8090169943749478
0.07,-0.30901699437494934,-0.30901699437494756
0.08,0.3090169943749491,0.30901699437494723
0.09,0.8090169943749465,0.8090169943749473
0.1,1.0,1.0
0.11,0.8090169943749481,0.8090169943749476
0.12,0.3090169943749449,0.30901699437494856
0.13,-0.3090169943749468,-0.3090169943749471
0.14,-0.809016994374945,-0.8090169943749472
0.15,-1.0,-1.0
0.16,-0.8090169943749453,-0.8090169943749477
0.17,-0.30901699437494723,-0.30901699437494784
0.18,0.30901699437494445,0.309016994374947
0.19,0.8090169943749437,0.8090169943749471
0.2,1.0,1.0
0.21,0.8090169943749551,0.8090169943749477
0.22,0.30901699437494956,0.30901699437494795
0.23,-0.3090169943749556,-0.30901699437494856
0.24,-0.8090169943749506,-0.809016994374946
0.25,-1.0,-1.0
0.26,-0.8090169943749482,-0.8090169943749478
0.27,-0.30901699437492486,-0.30901699437494806
0.28,0.3090169943749398,0.3090169943749468
0.29,0.8090169943749574,0.809016994374947
0.3,1.0,1.0
0.31,0.8090169943749413,0.8090169943749479
0.32,0.30901699437494073,0.3090169943749482
0.33,-0.30901699437495095,-0.3090169943749433
0.34,-0.8090169943749477,-0.8090169943749469
0.35,-1.0,-1.0
0.36,-0.8090169943749511,-0.8090169943749479
0.37,-0.3090169943749295,-0.3090169943749483
0.38,0.30901699437493513,0.30901699437494656
0.39,0.8090169943749379,0.8090169943749469
0.4,1.0,1.0
0.41,0.8090169943749442,0.809016994374948
0.42,0.30901699437497243,0.3090169943749484
0.43,-0.3090169943749463,-0.3090169943749464
0.44,-0.8090169943749448,-0.8090169943749468
0.45,-1.0,-1.0
0.46,-0.8090169943749372,-0.809016994374946
0.47,-0.3090169943749342,-0.3090169943749485
0.48,0.3090169943749575,0.3090169943749429
0.49,0.8090169943749517,0.8090169943749467
0.5,1.0,1.0
0.51,0.8090169943749471,0.8090169943749461
0.52,0.30901699437495006,0.3090169943749486
0.53,-0.3090169943749416,-0.30901699437494956
0.54,-0.8090169943749753,-0.8090169943749467
0.55,-1.0,-1.0
0.56,-0.8090169943749569,-0.8090169943749482
0.57,-0.3090169943749118,-0.3090169943749454
0.58,0.30901699437497987,0.30901699437494606
0.59,0.8090169943749321,0.8090169943749487
0.6,1.0,1.0
0.61,0.8090169943749667,0.8090169943749462
0.62,0.3090169943749277,0.3090169943749489
0.63,-0.309016994374964,-0.30901699437494934
0.64,-0.8090169943749557,-0.8090169943749465
0.65,-1.0,-1.0
0.66,-0.809016994374943,-0.8090169943749526
0.67,-0.30901699437488944,-0.30901699437495234
0.68,0.3090169943749482,0.30901699437494584
0.69,0.8090169943749459,0.8090169943749486
0.7,1.0,1.0
0.71,0.8090169943749529,0.8090169943749506
0.72,0.3090169943749594,0.3090169943749491
0.73,-0.30901699437498636,-0.3090169943749491
0.74,-0.8090169943749695,-0.8090169943749463
0.75,-1.0,-1.0
0.76,-0.8090169943749627,-0.8090169943749486
0.77,-0.3090169943749752,-0.30901699437494584
0.78,0.3090169943749165,0.3090169943749456
0.79,0.8090169943749598,0.8090169943749442
0.8,1.0,1.0
0.81,0.809016994374939,0.8090169943749507
0.82,0.309016994374937,0.30901699437494934
0.83,-0.30901699437495467,-0.3090169943749489
0.84,-0.8090169943749166,-0.8090169943749462
0.85,-1.0,-1.0
0.86,-0.8090169943749488,-0.8090169943749487
0.87,-0.30901699437495284,-0.30901699437494606
0.88,0.30901699437493885,0.3090169943749454
0.89,0.8090169943749401,0.809016994374944
0.9,1.0,1.0
0.91,0.8090169943749252,0.8090169943749467
0.92,0.30901699437491464,0.3090169943749428
0.93,-0.30901699437497704,-0.3090169943749419
0.94,-0.8090169943749638,-0.8090169943749461
0.95,-1.0,-1.0
0.96,-0.809016994374935,-0.809016994374953
0.97,-0.30901699437493046,-0.30901699437495306
0.98,0.3090169943749612,0.3090169943749451
0.99,0.809016994374954,0.8090169943749481
1.0,1.0,1.0
1.01,0.8090169943749448,0.809016994374951
1.02,0.3090169943749463,0.30901699437494307
1.03,-0.30901699437494534,-0.3090169943749416
1.04,-0.8090169943749442,-0.8090169943749459
1.05,-1.0,-1.0
1.06,-0.8090169943749546,-0.8090169943749448
1.07,-0.30901699437496216,-0.3090169943749398
1.08,0.30901699437503766,0.3090169943749449
1.09,0.8090169943749344,0.8090169943749479
1.1,1.0,1.0
1.11,0.8090169943749643,0.8090169943749428
1.12,0.309016994374978,0.30901699437495006
1.13,-0.3090169943749137,-0.3090169943749482
1.14,-0.8090169943749914,-0.80901699437495
1.15,-1.0,-1.0
1.16,-0.8090169943749074,-0.8090169943749491
1.17,-0.3090169943748857,-0.3090169943749468
1.18,0.3090169943748978,0.30901699437495145
1.19,0.8090169943749816,0.8090169943749437
1.2,1.0,1.0
1.21,0.8090169943749171,0.8090169943749471
1.22,0.3090169943750097,0.3090169943749435
1.23,-0.3090169943749901,-0.3090169943749412
1.24,-0.8090169943749719,-0.8090169943749457
1.25,-1.0,-1.0
1.26,-0.8090169943749269,-0.809016994374945
1.27,-0.30901699437502556,-0.3090169943749538
1.28,0.30901699437497426,0.30901699437494445
1.29,0.809016994374962,0.8090169943749477
1.3,1.0,1.0
1.31,0.8090169943749367,0.8090169943749514
1.32,0.30901699437493324,0.309016994374964
1.33,-0.3090169943749584,-0.30901699437494773
1.34,-0.8090169943750191,-0.8090169943749413
1.35,-1.0,-1.0
1.36,-0.8090169943749466,-0.8090169943749493
1.37,-0.3090169943749491,-0.3090169943749608
1.38,0.30901699437494257,0.30901699437495095
1.39,0.8090169943749425,0.8090169943749433
1.4,1.0,1.0
1.41,0.8090169943748895,0.8090169943749473
1.42,0.30901699437496494,0.3090169943749575
1.43,-0.3090169943750348,-0.3090169943749542
1.44,-0.8090169943749327,-0.8090169943749453
1.45,-1.0,-1.0
1.46,-0.8090169943748993,-0.8090169943749453
1.47,-0.3090169943749808,-0.3090169943749542
1.48,0.309016994375019,0.30901699437494395
1.49,0.8090169943749229,0.8090169943749473
