step,resource,perceived,acquisition,expenditure,balance_residual
0,10.0,10.0,0.2,0.2,0.0
1,10.0,10.0,0.2,0.2,0.0
2,10.0,10.0,0.2,0.2,0.0
3,10.0,10.0,0.2,0.2,0.0
4,10.0,10.0,0.2,0.2,0.0
5,10.0,10.0,0.2,0.2,0.0
6,10.0,10.0,0.2,0.2,0.0
7,10.0,10.0,0.2,0.2,0.0
8,10.0,10.0,0.2,0.2,0.0
9,10.0,10.0,0.2,0.2,0.0
10,10.0,10.0,0.2,0.2,0.0
11,10.0,10.0,0.2,0.2,0.0
12,10.0,10.0,0.2,0.2,0.0
13,10.0,10.0,0.2,0.2,0.0
14,10.0,10.0,0.2,0.2,0.0
15,10.0,10.0,0.2,0.2,0.0
16,10.0,10.0,0.2,0.2,0.0
17,10.0,10.0,0.2,0.2,0.0
18,10.0,10.0,0.2,0.2,0.0
19,10.0,10.0,0.2,0.2,0.0
20,10.0,10.0,0.2,0.2,0.0
21,10.0,10.0,0.2,0.2,0.0
22,10.0,10.0,0.2,0.2,0.0
23,10.0,10.0,0.2,0.2,0.0
24,10.0,10.0,0.2,0.2,0.0
25,10.0,10.0,0.2,0.2,0.0
26,10.0,10.0,0.2,0.2,0.0
27,10.0,10.0,0.2,0.2,0.0
28,10.0,10.0,0.2,0.2,0.0
29,10.0,10.0,0.2,0.2,0.0
30,10.0,10.0,0.2,0.2,0.0
31,10.0,10.0,0.2,0.2,0.0
32,10.0,10.0,0.2,0.2,0.0
33,10.0,10.0,0.2,0.2,0.0
34,10.0,10.0,0.2,0.2,0.0
35,10.0,10.0,0.2,0.2,0.0
36,10.0,10.0,0.2,0.2,0.0
37,10.0,10.0,0.2,0.2,0.0
38,10.0,10.0,0.2,0.2,0.0
39,10.0,10.0,0.2,0.2,0.0
40,10.0,10.0,0.2,0.2,0.0
41,10.0,10.0,0.2,0.2,0.0
42,10.0,10.0,0.2,0.2,0.0
43,10.0,10.0,0.2,0.2,0.0
44,10.0,10.0,0.2,0.2,0.0
45,10.0,10.0,0.2,0.2,0.0
46,10.0,10.0,0.2,0.2,0.0
47,10.0,10.0,0.2,0.2,0.0
48,10.0,10.0,0.2,0.2,0.0
49,10.0,10.0,0.2,0.2,0.0
50,10.0,10.0,0.2,0.2,0.0
51,10.0,10.0,0.2,0.2,0.0
52,10.0,10.0,0.2,0.2,0.0
53,9.8,10.0,0.2,0.4,1.7763568394002505e-15
54,9.600000000000001,10.0,0.2,0.4,3.552713678800501e-15
55,9.400000000000002,10.0,0.2,0.4,5.329070518200751e-15
56,9.200000000000003,10.0,0.2,0.4,7.105427357601002e-15
57,9.000000000000004,10.0,0.2,0.4,8.881784197001252e-15
58,8.820000000000004,9.8,0.21999999999999995,0.4,8.881784197001252e-15
59,8.660000000000004,9.600000000000001,0.23999999999999988,0.4,8.881784197001252e-15
60,8.520000000000003,9.400000000000002,0.2599999999999998,0.4,8.881784197001252e-15
61,8.400000000000002,9.200000000000003,0.27999999999999975,0.4,8.881784197001252e-15
62,8.300000000000002,9.000000000000004,0.29999999999999966,0.4,1.0658141036401503e-14
63,8.218000000000002,8.820000000000004,0.3179999999999996,0.4,1.0658141036401503e-14
64,8.152000000000001,8.660000000000004,0.33399999999999963,0.4,1.0658141036401503e-14
65,8.100000000000001,8.520000000000003,0.3479999999999997,0.4,1.2434497875801753e-14
66,8.06,8.400000000000002,0.3599999999999998,0.4,1.0658141036401503e-14
67,8.030000000000001,8.300000000000002,0.3699999999999998,0.4,1.0658141036401503e-14
68,8.0082,8.218000000000002,0.37819999999999987,0.4,1.0658141036401503e-14
69,7.993,8.152000000000001,0.3847999999999999,0.4,1.0658141036401503e-14
70,7.9830000000000005,8.100000000000001,0.3899999999999999,0.4,7.105427357601002e-15
71,7.977,8.06,0.39399999999999996,0.4,7.105427357601002e-15
72,7.974,8.030000000000001,0.3969999999999999,0.4,7.105427357601002e-15
73,7.97318,8.0082,0.39918,0.4,3.552713678800501e-15
74,7.97388,7.993,0.4007,0.4,3.552713678800501e-15
75,7.97558,7.9830000000000005,0.40169999999999995,0.4,3.552713678800501e-15
76,7.97788,7.977,0.4023,0.4,0.0
77,7.98048,7.974,0.4026,0.4,0.0
78,7.983162,7.97318,0.402682,0.4,0.0
79,7.985774,7.97388,0.40261199999999997,0.4,-3.552713678800501e-15
80,7.988216,7.97558,0.402442,0.4,-3.552713678800501e-15
81,7.9904280000000005,7.97788,0.402212,0.4,-3.552713678800501e-15
82,7.992380000000001,7.98048,0.40195200000000003,0.4,-7.105427357601002e-15
83,7.994063800000001,7.983162,0.40168380000000004,0.4,-1.0658141036401503e-14
84,7.995486400000001,7.985774,0.4014226,0.4,-1.0658141036401503e-14
85,7.9966648000000005,7.988216,0.4011784,0.4,-1.0658141036401503e-14
86,7.997622000000001,7.9904280000000005,0.40095719999999996,0.4,-1.4210854715202004e-14
87,7.998384000000001,7.992380000000001,0.40076199999999995,0.4,-1.4210854715202004e-14
88,7.998977620000001,7.994063800000001,0.40059361999999993,0.4,-1.4210854715202004e-14
89,7.99942898,7.995486400000001,0.4004513599999999,0.4,-1.4210854715202004e-14
90,7.9997625,7.9966648000000005,0.40033352,0.4,-1.7763568394002505e-14
91,8.0000003,7.997622000000001,0.4002378,0.4,-1.7763568394002505e-14
92,8.0001619,7.998384000000001,0.40016159999999995,0.4,-1.7763568394002505e-14
93,8.000264138,7.998977620000001,0.40010223799999994,0.4,-1.7763568394002505e-14
94,8.00032124,7.99942898,0.400057102,0.4,-2.4868995751603507e-14
95,8.00034499,7.9997625,0.40002375,0.4,-2.4868995751603507e-14
96,8.00034496,8.0000003,0.39999997000000004,0.4,-2.4868995751603507e-14
97,8.00032877,8.0001619,0.39998381,0.4,-2.4868995751603507e-14
98,8.000302356199999,8.000264138,0.3999735862,0.4,-2.842170943040401e-14
99,8.000270232199998,8.00032124,0.39996787600000006,0.4,-3.197442310920451e-14
100,8.000235733199998,8.00034499,0.399965501,0.4,-3.197442310920451e-14
101,8.000201237199999,8.00034496,0.3999655040000001,0.4,-3.552713678800501e-14
102,8.000168360199998,8.00032877,0.3999671230000001,0.4,-3.907985046680551e-14
103,8.000138124579998,8.000302356199999,0.39996976438000015,0.4,-3.907985046680551e-14
104,8.000111101359998,8.000270232199998,0.3999729767800002,0.4,-3.907985046680551e-14
105,8.000087528039998,8.000235733199998,0.39997642668000016,0.4,-3.907985046680551e-14
106,8.200067404319999,8.000201237199999,0.39997987628000015,0.2,-3.907985046680551e-14
107,8.4000505683,8.000168360199998,0.3999831639800002,0.2,-3.552713678800501e-14
108,8.600036755842,8.000138124579998,0.39998618754200027,0.2,-3.552713678800501e-14
109,8.800025645706,8.000111101359998,0.3999888898640002,0.2,-2.842170943040401e-14
110,9.000016892902,8.000087528039998,0.3999912471960002,0.2,-2.842170943040401e-14
111,9.18001015247,8.200067404319999,0.3799932595680002,0.2,-2.842170943040401e-14
112,9.34000509564,8.4000505683,0.3599949431700001,0.2,-2.1316282072803006e-14
113,9.4800014200558,8.600036755842,0.3399963244158,0.2,-2.1316282072803006e-14
114,9.5999988554852,8.800025645706,0.31999743542939996,0.2,-1.4210854715202004e-14
115,9.699997166195,9.000016892902,0.29999831070980004,0.2,-1.4210854715202004e-14
116,9.781996150948,9.18001015247,0.281998984753,0.2,-1.4210854715202004e-14
117,9.847995641384,9.34000509564,0.26599949043599996,0.2,-1.4210854715202004e-14
118,9.89999549937842,9.4800014200558,0.25199985799442004,0.2,-1.4210854715202004e-14
119,9.9399956138299,9.5999988554852,0.24000011445147998,0.2,-1.4210854715202004e-14
120,9.969995897210401,9.699997166195,0.23000028338049994,0.2,-7.105427357601002e-15
121,9.991796282115601,9.781996150948,0.2218003849052,0.2,-7.105427357601002e-15
122,10.0069967179772,9.847995641384,0.2152004358616001,0.2,0.0
123,10.016997168039358,9.89999549937842,0.210000450062158,0.2,0.0
124,10.022997606656368,9.9399956138299,0.20600043861700998,0.2,0.0
125,10.025998016935327,9.969995897210401,0.2030004102789599,0.2,0.0
126,10.026818388723767,9.991796282115601,0.20082037178843992,0.2,7.105427357601002e-15
127,10.026118716926046,10.0069967179772,0.19930032820227997,0.2,1.4210854715202004e-14
128,10.02441900012211,10.016997168039358,0.1983002831960642,0.2,1.4210854715202004e-14
129,10.022119239456474,10.022997606656368,0.1977002393343632,0.2,1.4210854715202004e-14
130,10.019519437762941,10.025998016935327,0.19740019830646727,0.2,1.4210854715202004e-14
131,10.016837598890564,10.026818388723767,0.19731816112762335,0.2,1.4210854715202004e-14
132,10.01422572719796,10.026118716926046,0.1973881283073954,0.2,2.1316282072803006e-14
133,10.011783827185749,10.02441900012211,0.19755809998778898,0.2,2.842170943040401e-14
134,10.0095719032401,10.022119239456474,0.19778807605435259,0.2,2.842170943040401e-14
135,10.007619959463806,10.019519437762941,0.1980480562237059,0.2,2.842170943040401e-14
136,10.00593619957475,10.016837598890564,0.19831624011094356,0.2,3.552713678800501e-14
137,10.004513626854953,10.01422572719796,0.198577427280204,0.2,3.552713678800501e-14
138,10.003335244136379,10.011783827185749,0.19882161728142514,0.2,4.263256414560601e-14
139,10.002378053812368,10.0095719032401,0.19904280967598995,0.2,4.263256414560601e-14
140,10.001616057865988,10.007619959463806,0.19923800405361938,0.2,4.973799150320701e-14
141,10.001022437908514,10.00593619957475,0.19940638004252503,0.2,5.684341886080802e-14
142,10.000571075223018,10.004513626854953,0.1995486373145047,0.2,5.684341886080802e-14
143,10.00023755080938,10.003335244136379,0.19966647558636216,0.2,5.684341886080802e-14
144,9.999999745428143,10.002378053812368,0.1997621946187632,0.2,5.684341886080802e-14
145,9.999838139641545,10.001616057865988,0.19983839421340122,0.2,6.394884621840902e-14
146,9.999735895850694,10.001022437908514,0.19989775620914862,0.2,7.105427357601002e-14
147,9.999678788328392,10.000571075223018,0.19994289247769823,0.2,7.105427357601002e-14
148,9.999655033247453,10.00023755080938,0.19997624491906196,0.2,7.105427357601002e-14
149,9.99965505870464,9.999999745428143,0.2000000254571857,0.2,7.105427357601002e-14
150,9.999671244740485,9.999838139641545,0.2000161860358455,0.2,7.105427357601002e-14
151,9.999697655155416,9.999735895850694,0.20002641041493058,0.2,7.815970093361102e-14
152,9.999729776322576,9.999678788328392,0.2000321211671608,0.2,7.815970093361102e-14
153,9.999764272997831,9.999655033247453,0.20003449667525466,0.2,7.815970093361102e-14
154,9.999798767127368,9.99965505870464,0.200034494129536,0.2,7.815970093361102e-14
155,9.99983164265332,9.999671244740485,0.2000328755259515,0.2,8.526512829121202e-14
156,9.999861877137779,9.999697655155416,0.20003023448445845,0.2,8.526512829121202e-14
157,9.999888899505521,9.999729776322576,0.2000270223677424,0.2,9.237055564881302e-14
158,9.999912472205738,9.999764272997831,0.20002357270021687,0.2,9.237055564881302e-14
159,9.999932595493,9.999798767127368,0.2000201232872632,0.2,9.947598300641403e-14
