trial,frozen,delayed,permuted,adaptive,phase,mapping_estimate
1,0.0,0.0,0.0,0.0,0,0.8400000000000001
2,0.0,0.5,0.0,0.0,0,0.6928000000000002
3,0.3333333333333333,0.3333333333333333,0.3333333333333333,0.3333333333333333,0,0.7173760000000001
4,0.5,0.25,0.25,0.5,0,0.7399859200000001
5,0.6,0.4,0.4,0.6,0,0.7607870464
6,0.6666666666666666,0.3333333333333333,0.5,0.6666666666666666,0,0.7799240826880001
7,0.7142857142857143,0.42857142857142855,0.42857142857142855,0.7142857142857143,0,0.7975301560729601
8,0.75,0.375,0.375,0.75,0,0.8137277435871233
9,0.7777777777777778,0.4444444444444444,0.3333333333333333,0.7777777777777778,0,0.8286295241001534
10,0.8,0.5,0.4,0.8,0,0.8423391621721411
11,0.8181818181818182,0.5454545454545454,0.45454545454545453,0.8181818181818182,0,0.8549520291983698
12,0.8333333333333334,0.5,0.4166666666666667,0.8333333333333334,0,0.8665558668625002
13,0.7692307692307693,0.46153846153846156,0.46153846153846156,0.7692307692307693,0,0.7172313975135003
14,0.7857142857142857,0.42857142857142855,0.42857142857142855,0.7857142857142857,0,0.7398528857124202
15,0.7333333333333333,0.4666666666666667,0.4666666666666667,0.7333333333333333,0,0.6006646548554267
16,0.75,0.5,0.4375,0.75,0,0.6326114824669926
17,0.7647058823529411,0.47058823529411764,0.4117647058823529,0.7647058823529411,0,0.6620025638696332
18,0.7777777777777778,0.4444444444444444,0.3888888888888889,0.7777777777777778,0,0.6890423587600625
19,0.7894736842105263,0.47368421052631576,0.3684210526315789,0.7894736842105263,0,0.7139189700592574
20,0.8,0.5,0.35,0.8,0,0.7368054524545168
21,0.8095238095238095,0.47619047619047616,0.3333333333333333,0.8095238095238095,0,0.7578610162581554
22,0.7727272727272727,0.45454545454545453,0.3181818181818182,0.7727272727272727,0,0.6172321349575031
23,0.782608695652174,0.4782608695652174,0.30434782608695654,0.782608695652174,0,0.6478535641609028
24,0.7916666666666666,0.5,0.2916666666666667,0.7916666666666666,0,0.6760252790280306
25,0.8,0.48,0.28,0.8,0,0.701943256705788
26,0.8076923076923077,0.46153846153846156,0.2692307692307692,0.8076923076923077,0,0.725787796169325
27,0.7777777777777778,0.4444444444444444,0.2962962962962963,0.7777777777777778,0,0.587724772475779
28,0.7857142857142857,0.42857142857142855,0.32142857142857145,0.7857142857142857,0,0.6207067906777167
29,0.7931034482758621,0.4482758620689655,0.3103448275862069,0.7931034482758621,0,0.6510502474234994
30,0.7666666666666667,0.43333333333333335,0.3,0.7666666666666667,0,0.5189662276296195
31,0.7741935483870968,0.41935483870967744,0.3225806451612903,0.7741935483870968,0,0.55744892941925
32,0.78125,0.40625,0.34375,0.78125,0,0.59285301506571
33,0.7878787878787878,0.3939393939393939,0.36363636363636365,0.7878787878787878,0,0.6254247738604531
34,0.7941176470588235,0.4117647058823529,0.35294117647058826,0.7941176470588235,0,0.6553907919516169
35,0.8,0.4,0.34285714285714286,0.8,0,0.6829595285954875
36,0.8055555555555556,0.3888888888888889,0.3611111111111111,0.8055555555555556,0,0.7083227663078485
37,0.8108108108108109,0.40540540540540543,0.3783783783783784,0.8108108108108109,0,0.7316569450032206
38,0.8157894736842105,0.42105263157894735,0.39473684210526316,0.8157894736842105,0,0.753124389402963
39,0.8205128205128205,0.4358974358974359,0.38461538461538464,0.8205128205128205,0,0.772874438250726
40,0.825,0.425,0.4,0.825,0,0.7910444831906679
41,0.8292682926829268,0.4146341463414634,0.3902439024390244,0.8292682926829268,0,0.8077609245354145
42,0.8333333333333334,0.40476190476190477,0.40476190476190477,0.8333333333333334,0,0.8231400505725813
43,0.8372093023255814,0.4186046511627907,0.4186046511627907,0.8372093023255814,0,0.8372888465267748
44,0.8181818181818182,0.4090909090909091,0.4090909090909091,0.8181818181818182,0,0.6903057388046329
45,0.8222222222222222,0.4222222222222222,0.4222222222222222,0.8222222222222222,0,0.7150812797002623
46,0.8260869565217391,0.43478260869565216,0.43478260869565216,0.8260869565217391,0,0.7378747773242412
47,0.8297872340425532,0.425531914893617,0.44680851063829785,0.8297872340425532,0,0.7588447951383019
48,0.8333333333333334,0.4375,0.4583333333333333,0.8333333333333334,0,0.7781372115272378
49,0.8367346938775511,0.42857142857142855,0.46938775510204084,0.8367346938775511,0,0.7958862346050588
50,0.82,0.44,0.48,0.82,0,0.6522153358366541
51,0.8235294117647058,0.43137254901960786,0.49019607843137253,0.8235294117647058,0,0.6800381089697218
52,0.8269230769230769,0.4423076923076923,0.5,0.8269230769230769,0,0.7056350602521441
53,0.8301886792452831,0.4339622641509434,0.49056603773584906,0.8301886792452831,0,0.7291842554319725
54,0.8333333333333334,0.42592592592592593,0.48148148148148145,0.8333333333333334,0,0.7508495149974147
55,0.8363636363636363,0.43636363636363634,0.4727272727272727,0.8363636363636363,0,0.7707815537976215
56,0.8214285714285714,0.44642857142857145,0.4642857142857143,0.8214285714285714,0,0.6291190294938118
57,0.8245614035087719,0.43859649122807015,0.47368421052631576,0.8245614035087719,0,0.6587895071343068
58,0.8275862068965517,0.43103448275862066,0.4827586206896552,0.8275862068965517,0,0.6860863465635623
59,0.8305084745762712,0.423728813559322,0.4745762711864407,0.8305084745762712,0,0.7111994388384772
60,0.8333333333333334,0.4166666666666667,0.4666666666666667,0.8333333333333334,0,0.7343034837313991
61,0.8360655737704918,0.4098360655737705,0.45901639344262296,0.8360655737704918,0,0.7555592050328872
62,0.8387096774193549,0.41935483870967744,0.45161290322580644,0.8387096774193549,0,0.7751144686302562
63,0.8412698412698413,0.42857142857142855,0.4603174603174603,0.8412698412698413,0,0.7931053111398357
64,0.84375,0.4375,0.453125,0.84375,0,0.8096568862486488
65,0.8461538461538461,0.4461538461538462,0.4461538461538462,0.8461538461538461,0,0.8248843353487569
66,0.8484848484848485,0.4393939393939394,0.4393939393939394,0.8484848484848485,0,0.8388935885208564
67,0.8507462686567164,0.44776119402985076,0.44776119402985076,0.8507462686567164,0,0.8517821014391879
68,0.8529411764705882,0.4411764705882353,0.45588235294117646,0.8529411764705882,0,0.8636395333240529
69,0.855072463768116,0.4492753623188406,0.463768115942029,0.855072463768116,0,0.8745483706581286
70,0.8571428571428571,0.45714285714285713,0.45714285714285713,0.8571428571428571,0,0.8845845010054784
71,0.8591549295774648,0.4507042253521127,0.4647887323943662,0.8591549295774648,0,0.8938177409250401
72,0.8472222222222222,0.4444444444444444,0.4722222222222222,0.8472222222222222,0,0.7423123216510369
73,0.8493150684931506,0.4383561643835616,0.4794520547945205,0.8493150684931506,0,0.7629273359189539
74,0.8378378378378378,0.43243243243243246,0.47297297297297297,0.8378378378378378,0,0.6218931490454377
75,0.84,0.44,0.48,0.84,0,0.6521416971218027
76,0.8421052631578947,0.4342105263157895,0.4868421052631579,0.8421052631578947,0,0.6799703613520585
77,0.8441558441558441,0.44155844155844154,0.4935064935064935,0.8441558441558441,0,0.7055727324438937
78,0.8461538461538461,0.44871794871794873,0.5,0.8461538461538461,0,0.7291269138483822
79,0.8354430379746836,0.4430379746835443,0.4936708860759494,0.8354430379746836,0,0.5907967607405117
80,0.8375,0.4375,0.5,0.8375,0,0.6235330198812707
81,0.8395061728395061,0.4444444444444444,0.49382716049382713,0.8395061728395061,0,0.6536503782907691
82,0.8414634146341463,0.45121951219512196,0.5,0.8414634146341463,0,0.6813583480275076
83,0.8313253012048193,0.4578313253012048,0.5060240963855421,0.8313253012048193,0,0.5468496801853071
84,0.8333333333333334,0.4642857142857143,0.5,0.8333333333333334,0,0.5831017057704825
85,0.8352941176470589,0.47058823529411764,0.49411764705882355,0.8352941176470589,0,0.6164535693088439
86,0.8372093023255814,0.46511627906976744,0.5,0.8372093023255814,0,0.6471372837641364
87,0.8390804597701149,0.47126436781609193,0.5057471264367817,0.8390804597701149,0,0.6753663010630054
88,0.8409090909090909,0.4659090909090909,0.5113636363636364,0.8409090909090909,0,0.701336996977965
89,0.8426966292134831,0.47191011235955055,0.5056179775280899,0.8426966292134831,0,0.7252300372197278
90,0.8444444444444444,0.4777777777777778,0.5111111111111111,0.8444444444444444,0,0.7472116342421495
91,0.8461538461538461,0.4725274725274725,0.5054945054945055,0.8461538461538461,0,0.7674347035027775
92,0.8478260869565217,0.4782608695652174,0.5,0.8478260869565217,0,0.7860399272225553
93,0.8494623655913979,0.4731182795698925,0.4946236559139785,0.8494623655913979,0,0.8031567330447509
94,0.851063829787234,0.46808510638297873,0.48936170212765956,0.851063829787234,0,0.8189041944011708
95,0.8526315789473684,0.4631578947368421,0.4842105263157895,0.8526315789473684,0,0.8333918588490771
96,0.8541666666666666,0.46875,0.4791666666666667,0.8541666666666666,0,0.8467205101411509
97,0.8556701030927835,0.4742268041237113,0.4742268041237113,0.8556701030927835,0,0.8589828693298588
98,0.8571428571428571,0.46938775510204084,0.47959183673469385,0.8571428571428571,0,0.8702642397834701
99,0.8484848484848485,0.46464646464646464,0.48484848484848486,0.8484848484848485,0,0.7206431006007926
100,0.85,0.47,0.49,0.85,0,0.7429916525527291
101,0.8514851485148515,0.4752475247524752,0.48514851485148514,0.8514851485148515,0,0.7635523203485108
102,0.8529411764705882,0.4803921568627451,0.4803921568627451,0.8529411764705882,0,0.7824681347206299
103,0.8543689320388349,0.4854368932038835,0.4854368932038835,0.8543689320388349,0,0.7998706839429796
104,0.8461538461538461,0.4807692307692308,0.4807692307692308,0.8461538461538461,0,0.6558810292275412
105,0.8476190476190476,0.4857142857142857,0.47619047619047616,0.8476190476190476,0,0.6834105468893379
106,0.8490566037735849,0.4811320754716981,0.4716981132075472,0.8490566037735849,0,0.7087377031381908
107,0.8504672897196262,0.4766355140186916,0.4672897196261682,0.8504672897196262,0,0.7320386868871356
108,0.8518518518518519,0.48148148148148145,0.4722222222222222,0.8518518518518519,0,0.7534755919361648
109,0.8532110091743119,0.47706422018348627,0.46788990825688076,0.8532110091743119,0,0.7731975445812715
110,0.8545454545454545,0.4818181818181818,0.4636363636363636,0.8545454545454545,0,0.7913417410147698
111,0.8558558558558559,0.4774774774774775,0.46846846846846846,0.8558558558558559,0,0.8080344017335882
112,0.8482142857142857,0.48214285714285715,0.4642857142857143,0.8482142857142857,0,0.6633916495949013
113,0.8495575221238938,0.48672566371681414,0.4690265486725664,0.8495575221238938,0,0.6903203176273092
114,0.8508771929824561,0.49122807017543857,0.47368421052631576,0.8508771929824561,0,0.7150946922171244
115,0.8434782608695652,0.48695652173913045,0.46956521739130436,0.8434782608695652,0,0.5778871168397545
116,0.8362068965517241,0.49137931034482757,0.46551724137931033,0.8362068965517241,0,0.45165614749257416
117,0.8376068376068376,0.49572649572649574,0.4700854700854701,0.8376068376068376,0,0.49552365569316825
118,0.8389830508474576,0.4915254237288136,0.4745762711864407,0.8389830508474576,0,0.5358817632377147
119,0.8403361344537815,0.48739495798319327,0.47058823529411764,0.8403361344537815,0,0.5730112221786976
120,0.8416666666666667,0.49166666666666664,0.4666666666666667,0.8416666666666667,0,0.6071703244044018
121,0.8429752066115702,0.49586776859504134,0.47107438016528924,0.8429752066115702,0,0.6385966984520496
122,0.8442622950819673,0.4918032786885246,0.47540983606557374,0.8442622950819673,0,0.6675089625758857
123,0.8455284552845529,0.4878048780487805,0.4796747967479675,0.8455284552845529,0,0.6941082455698148
124,0.8467741935483871,0.49193548387096775,0.4838709677419355,0.8467741935483871,0,0.7185795859242295
125,0.84,0.488,0.48,0.84,0,0.5810932190502912
126,0.8412698412698413,0.48412698412698413,0.48412698412698413,0.8412698412698413,0,0.6146057615262679
127,0.84251968503937,0.4881889763779528,0.48031496062992124,0.84251968503937,0,0.6454373006041665
128,0.84375,0.484375,0.4765625,0.84375,0,0.6738023165558331
129,0.8449612403100775,0.4883720930232558,0.4806201550387597,0.8449612403100775,0,0.6998981312313665
130,0.8461538461538461,0.4846153846153846,0.47692307692307695,0.8461538461538461,0,0.7239062807328571
131,0.8473282442748091,0.48091603053435117,0.4732824427480916,0.8473282442748091,0,0.7459937782742285
132,0.8484848484848485,0.4772727272727273,0.4772727272727273,0.8484848484848485,0,0.7663142760122902
133,0.849624060150376,0.48120300751879697,0.48120300751879697,0.849624060150376,0,0.785009133931307
134,0.8507462686567164,0.48507462686567165,0.47761194029850745,0.8507462686567164,0,0.8022084032168024
135,0.8518518518518519,0.48148148148148145,0.4740740740740741,0.8518518518518519,0,0.8180317309594582
136,0.8455882352941176,0.47794117647058826,0.47058823529411764,0.8455882352941176,0,0.6725891924827017
137,0.8467153284671532,0.48175182481751827,0.4744525547445255,0.8467153284671532,0,0.6987820570840855
138,0.8405797101449275,0.4855072463768116,0.4782608695652174,0.8405797101449275,0,0.5628794925173587
139,0.841726618705036,0.4892086330935252,0.48201438848920863,0.841726618705036,0,0.59784913311597
140,0.8428571428571429,0.4857142857142857,0.4785714285714286,0.8428571428571429,0,0.6300212024666924
141,0.8368794326241135,0.48936170212765956,0.48226950354609927,0.8368794326241135,0,0.49961950626935697
142,0.8380281690140845,0.4859154929577465,0.4859154929577465,0.8380281690140845,0,0.5396499457678084
143,0.8391608391608392,0.4825174825174825,0.48951048951048953,0.8391608391608392,0,0.5764779501063838
144,0.8402777777777778,0.4861111111111111,0.4861111111111111,0.8402777777777778,0,0.610359714097873
145,0.8413793103448276,0.4827586206896552,0.4896551724137931,0.8413793103448276,0,0.6415309369700432
146,0.8424657534246576,0.4794520547945205,0.4863013698630137,0.8424657534246576,0,0.6702084620124397
147,0.8435374149659864,0.48299319727891155,0.48299319727891155,0.8435374149659864,0,0.6965917850514445
148,0.8378378378378378,0.4797297297297297,0.4864864864864865,0.8378378378378378,0,0.560864442247329
149,0.8389261744966443,0.48322147651006714,0.4899328859060403,0.8389261744966443,0,0.5959952868675427
150,0.84,0.48,0.49333333333333335,0.84,0,0.6283156639181392
151,0.8410596026490066,0.48344370860927155,0.4900662251655629,0.8410596026490066,0,0.6580504108046881
152,0.8421052631578947,0.4868421052631579,0.4934210526315789,0.8421052631578947,0,0.685406377940313
153,0.8431372549019608,0.49019607843137253,0.49673202614379086,0.8431372549019608,0,0.7105738677050879
154,0.8441558441558441,0.487012987012987,0.5,0.8441558441558441,0,0.7337279582886809
155,0.8451612903225807,0.49032258064516127,0.5032258064516129,0.8451612903225807,0,0.7550297216255863
156,0.8461538461538461,0.4935897435897436,0.5,0.8461538461538461,0,0.7746273438955394
157,0.8471337579617835,0.4968152866242038,0.5031847133757962,0.8471337579617835,0,0.7926571563838963
158,0.8481012658227848,0.5,0.5,0.8481012658227848,0,0.8092445838731847
159,0.8490566037735849,0.5031446540880503,0.4968553459119497,0.8490566037735849,0,0.8245050171633299
160,0.85,0.5,0.49375,0.85,0,0.8385446157902635
161,0.8509316770186336,0.4968944099378882,0.4906832298136646,0.8509316770186336,0,0.8514610465270425
162,0.8518518518518519,0.5,0.49382716049382713,0.8518518518518519,0,0.863344162804879
163,0.852760736196319,0.49693251533742333,0.49079754601226994,0.852760736196319,0,0.8742766297804887
164,0.8536585365853658,0.49390243902439024,0.49390243902439024,0.8536585365853658,0,0.8843344993980496
165,0.8545454545454545,0.4909090909090909,0.49696969696969695,0.8545454545454545,0,0.8935877394462056
166,0.8554216867469879,0.4879518072289157,0.5,0.8554216867469879,0,0.9021007202905091
167,0.8562874251497006,0.48502994011976047,0.49700598802395207,0.8562874251497006,0,0.9099326626672684
168,0.8571428571428571,0.48214285714285715,0.49404761904761907,0.8571428571428571,0,0.9171380496538869
169,0.8579881656804734,0.47928994082840237,0.4970414201183432,0.8579881656804734,0,0.923767005681576
170,0.8588235294117647,0.4764705882352941,0.5,0.8588235294117647,0,0.92986564522705
171,0.8596491228070176,0.47953216374269003,0.49707602339181284,0.8596491228070176,0,0.9354763936088859
172,0.8604651162790697,0.48255813953488375,0.5,0.8604651162790697,0,0.940638282120175
173,0.861271676300578,0.48554913294797686,0.5028901734104047,0.861271676300578,0,0.9453872195505609
174,0.8620689655172413,0.4827586206896552,0.5,0.8620689655172413,0,0.9497562419865161
175,0.8628571428571429,0.48,0.49714285714285716,0.8628571428571429,0,0.9537757426275948
176,0.8636363636363636,0.4772727272727273,0.4943181818181818,0.8636363636363636,0,0.9574736832173872
177,0.864406779661017,0.4745762711864407,0.4971751412429379,0.864406779661017,0,0.9608757885599962
178,0.8651685393258427,0.47752808988764045,0.5,0.8651685393258427,0,0.9640057254751965
179,0.8659217877094972,0.4748603351955307,0.5027932960893855,0.8659217877094972,0,0.9668852674371807
180,0.8666666666666667,0.4722222222222222,0.5,0.8666666666666667,0,0.9695344460422063
181,0.861878453038674,0.47513812154696133,0.5027624309392266,0.861878453038674,0,0.8119716903588299
182,0.8626373626373627,0.47802197802197804,0.5,0.8626373626373627,0,0.8270139551301234
183,0.8579234972677595,0.47540983606557374,0.4972677595628415,0.8579234972677595,0,0.6808528387197136
184,0.8586956521739131,0.47282608695652173,0.4945652173913043,0.8586956521739131,0,0.7063846116221365
185,0.8594594594594595,0.4702702702702703,0.4918918918918919,0.8594594594594595,0,0.7298738426923655
186,0.8602150537634409,0.46774193548387094,0.489247311827957,0.8602150537634409,0,0.7514839352769763
187,0.8609625668449198,0.46524064171123,0.4919786096256685,0.8609625668449198,0,0.7713652204548183
188,0.8617021276595744,0.46808510638297873,0.4946808510638298,0.8617021276595744,0,0.7896560028184327
189,0.8624338624338624,0.4656084656084656,0.4973544973544973,0.8624338624338624,0,0.8064835225929581
190,0.8631578947368421,0.46842105263157896,0.5,0.8631578947368421,0,0.8219648407855215
191,0.8586387434554974,0.4712041884816754,0.4973821989528796,0.8586387434554974,0,0.6762076535226799
192,0.859375,0.4739583333333333,0.4947916666666667,0.859375,0,0.7021110412408654
193,0.8601036269430051,0.47668393782383417,0.49222797927461137,0.8601036269430051,0,0.7259421579415962
194,0.8608247422680413,0.4793814432989691,0.4896907216494845,0.8608247422680413,0,0.7478667853062685
195,0.8615384615384616,0.48205128205128206,0.49230769230769234,0.8615384615384616,0,0.768037442481767
196,0.8622448979591837,0.47959183673469385,0.49489795918367346,0.8622448979591837,0,0.7865944470832256
197,0.8629441624365483,0.47715736040609136,0.49238578680203043,0.8629441624365483,0,0.8036668913165675
198,0.8636363636363636,0.4797979797979798,0.4898989898989899,0.8636363636363636,0,0.8193735400112422
199,0.864321608040201,0.47738693467336685,0.48743718592964824,0.864321608040201,0,0.8338236568103428
200,0.865,0.475,0.485,0.865,0,0.8471177642655153
201,0.8656716417910447,0.47761194029850745,0.48258706467661694,0.8656716417910447,0,0.8593483431242741
202,0.8613861386138614,0.4752475247524752,0.4801980198019802,0.8613861386138614,0,0.7106004756743323
203,0.8620689655172413,0.47783251231527096,0.47783251231527096,0.8620689655172413,0,0.7337524376203857
204,0.8627450980392157,0.47549019607843135,0.4803921568627451,0.8627450980392157,0,0.7550522426107548
205,0.8634146341463415,0.47317073170731705,0.48292682926829267,0.8634146341463415,0,0.7746480632018944
206,0.8640776699029126,0.47572815533980584,0.48058252427184467,0.8640776699029126,0,0.7926762181457429
207,0.8647342995169082,0.47342995169082125,0.4830917874396135,0.8647342995169082,0,0.8092621206940834
208,0.8605769230769231,0.47115384615384615,0.4807692307692308,0.8605769230769231,0,0.6645211510385568
209,0.861244019138756,0.4688995215311005,0.4784688995215311,0.861244019138756,0,0.6913594589554722
210,0.861904761904762,0.4714285714285714,0.48095238095238096,0.861904761904762,0,0.7160507022390344
211,0.8625592417061612,0.47393364928909953,0.4834123222748815,0.8625592417061612,0,0.7387666460599117
212,0.8632075471698113,0.4716981132075472,0.4811320754716981,0.8632075471698113,0,0.7596653143751187
213,0.863849765258216,0.4694835680751174,0.4835680751173709,0.863849765258216,0,0.7788920892251092
214,0.8644859813084113,0.4672897196261682,0.48598130841121495,0.8644859813084113,0,0.7965807220871005
215,0.8604651162790697,0.4697674418604651,0.4883720930232558,0.8604651162790697,0,0.6528542643201325
216,0.8611111111111112,0.4675925925925926,0.4861111111111111,0.8611111111111112,0,0.6806259231745219
217,0.8617511520737328,0.4700460829493088,0.48847926267281105,0.8617511520737328,0,0.7061758493205601
218,0.8623853211009175,0.4724770642201835,0.4908256880733945,0.8623853211009175,0,0.7296817813749152
219,0.863013698630137,0.4748858447488584,0.4931506849315068,0.863013698630137,0,0.751307238864922
220,0.8636363636363636,0.4772727272727273,0.4909090909090909,0.8636363636363636,0,0.7712026597557282
221,0.8642533936651584,0.4751131221719457,0.49321266968325794,0.8642533936651584,0,0.78950644697527
222,0.8648648648648649,0.47297297297297297,0.4954954954954955,0.8648648648648649,0,0.8063459312172483
223,0.8654708520179372,0.47533632286995514,0.4977578475336323,0.8654708520179372,0,0.8218382567198684
224,0.8660714285714286,0.4732142857142857,0.4955357142857143,0.8660714285714286,0,0.8360911961822789
225,0.8666666666666667,0.47555555555555556,0.49333333333333335,0.8666666666666667,0,0.8492039004876966
226,0.8672566371681416,0.4778761061946903,0.4911504424778761,0.8672566371681416,0,0.8612675884486808
227,0.8678414096916299,0.47577092511013214,0.4933920704845815,0.8678414096916299,0,0.8723661813727863
228,0.868421052631579,0.4780701754385965,0.49122807017543857,0.868421052631579,0,0.8825768868629634
229,0.868995633187773,0.48034934497816595,0.4890829694323144,0.868995633187773,0,0.8919707359139264
230,0.8695652173913043,0.4826086956521739,0.48695652173913045,0.8695652173913043,0,0.9006130770408123
231,0.8701298701298701,0.4805194805194805,0.48917748917748916,0.8701298701298701,0,0.9085640308775473
232,0.8706896551724138,0.47844827586206895,0.4870689655172414,0.8706896551724138,0,0.9158789084073435
233,0.871244635193133,0.48068669527896996,0.4892703862660944,0.871244635193133,0,0.9226085957347561
234,0.8717948717948718,0.47863247863247865,0.48717948717948717,0.8717948717948718,0,0.9287999080759756
235,0.8723404255319149,0.4808510638297872,0.4851063829787234,0.8723404255319149,0,0.9344959154298975
236,0.8728813559322034,0.4830508474576271,0.4830508474576271,0.8728813559322034,0,0.9397362421955057
237,0.8734177215189873,0.48523206751054854,0.4810126582278481,0.8734177215189873,0,0.9445573428198653
238,0.8739495798319328,0.4831932773109244,0.4831932773109244,0.8739495798319328,0,0.9489927553942761
239,0.8744769874476988,0.48535564853556484,0.4811715481171548,0.8744769874476988,0,0.9530733349627339
240,0.875,0.4875,0.48333333333333334,0.875,0,0.9568274681657152
241,0.8755186721991701,0.4896265560165975,0.48132780082987553,0.8755186721991701,0,0.960281270712458
242,0.871900826446281,0.49173553719008267,0.4793388429752066,0.871900826446281,0,0.8034587690554614
243,0.8683127572016461,0.4897119341563786,0.48148148148148145,0.8683127572016461,0,0.6591820675310246
244,0.8688524590163934,0.4918032786885246,0.47950819672131145,0.8688524590163934,0,0.6864475021285427
245,0.8693877551020408,0.4897959183673469,0.4816326530612245,0.8693877551020408,0,0.7115317019582592
246,0.8699186991869918,0.4878048780487805,0.483739837398374,0.8699186991869918,0,0.7346091658015984
247,0.8704453441295547,0.48582995951417,0.4817813765182186,0.8704453441295547,0,0.7558404325374706
248,0.8709677419354839,0.4879032258064516,0.4798387096774194,0.8709677419354839,0,0.7753731979344729
249,0.8714859437751004,0.4859437751004016,0.4819277108433735,0.8714859437751004,0,0.793343342099715
250,0.872,0.484,0.484,0.872,0,0.8098758747317378
251,0.8685258964143426,0.4820717131474104,0.4860557768924303,0.8685258964143426,1,0.6650858047531989
252,0.8650793650793651,0.4801587301587302,0.4880952380952381,0.8650793650793651,1,0.531878940372943
253,0.8616600790513834,0.48221343873517786,0.48616600790513836,0.8616600790513834,1,0.4093286251431076
254,0.8582677165354331,0.484251968503937,0.484251968503937,0.8582677165354331,1,0.296582335131659
255,0.8549019607843137,0.48627450980392156,0.48627450980392156,0.8549019607843137,1,0.19285574832112629
256,0.85546875,0.484375,0.484375,0.85546875,1,0.25742728845543617
257,0.8521400778210116,0.48249027237354086,0.48638132295719844,0.8521400778210116,1,0.1568331053790013
258,0.8488372093023255,0.4806201550387597,0.4844961240310077,0.8488372093023255,1,0.0642864569486812
259,0.8455598455598455,0.47876447876447875,0.4864864864864865,0.8455598455598455,1,-0.0208564596072133
260,0.8461538461538461,0.4807692307692308,0.4846153846153846,0.8423076923076923,1,0.060812057161363765
261,0.842911877394636,0.4827586206896552,0.4827586206896552,0.8390804597701149,1,-0.024052907411545338
262,0.8435114503816794,0.48091603053435117,0.48091603053435117,0.8358778625954199,1,0.05787132518137829
263,0.8403041825095057,0.4828897338403042,0.4790874524714829,0.8326996197718631,1,-0.02675838083313197
264,0.8371212121212122,0.4810606060606061,0.4810606060606061,0.8333333333333334,1,-0.10461771036648142
265,0.8339622641509434,0.4830188679245283,0.47924528301886793,0.8339622641509434,1,-0.17624829353716293
266,0.8308270676691729,0.48120300751879697,0.48120300751879697,0.8345864661654135,1,-0.2421484300541899
267,0.8277153558052435,0.4794007490636704,0.48314606741573035,0.8352059925093633,1,-0.30277655564985473
268,0.8283582089552238,0.47761194029850745,0.48134328358208955,0.832089552238806,1,-0.19855443119786637
269,0.8252788104089219,0.4795539033457249,0.4795539033457249,0.8327137546468402,1,-0.26267007670203707
270,0.8222222222222222,0.48148148148148145,0.4777777777777778,0.8333333333333334,1,-0.3216564705658741
271,0.8191881918819188,0.4797047970479705,0.4797047970479705,0.8339483394833949,1,-0.3759239529206042
272,0.8161764705882353,0.48161764705882354,0.48161764705882354,0.8345588235294118,1,-0.4258500366869559
273,0.8131868131868132,0.4835164835164835,0.47985347985347987,0.8351648351648352,1,-0.4717820337519995
274,0.8102189781021898,0.48175182481751827,0.48175182481751827,0.8357664233576643,1,-0.5140394710518396
275,0.8072727272727273,0.48,0.48,0.8363636363636363,1,-0.5529163133676924
276,0.8043478260869565,0.4782608695652174,0.4782608695652174,0.8369565217391305,1,-0.588683008298277
277,0.8050541516245487,0.47653429602888087,0.47653429602888087,0.8339350180505415,1,-0.46158836763441485
278,0.802158273381295,0.4784172661870504,0.4784172661870504,0.8345323741007195,1,-0.5046612982236617
279,0.7992831541218638,0.4767025089605735,0.4767025089605735,0.8351254480286738,1,-0.5442883943657687
280,0.7964285714285714,0.475,0.4785714285714286,0.8357142857142857,1,-0.5807453228165071
281,0.7935943060498221,0.47686832740213525,0.4804270462633452,0.8362989323843416,1,-0.6142856969911865
282,0.7943262411347518,0.4787234042553192,0.4787234042553192,0.8333333333333334,1,-0.4851428412318916
283,0.7915194346289752,0.47703180212014135,0.48056537102473496,0.833922261484099,1,-0.5263314139333403
284,0.7887323943661971,0.4788732394366197,0.4823943661971831,0.8345070422535211,1,-0.564224900818673
285,0.7859649122807018,0.4807017543859649,0.4807017543859649,0.8350877192982457,1,-0.5990869087531792
286,0.7832167832167832,0.4825174825174825,0.4825174825174825,0.8356643356643356,1,-0.6311599560529249
287,0.7804878048780488,0.4843205574912892,0.4808362369337979,0.8362369337979094,1,-0.6606671595686908
288,0.7777777777777778,0.4826388888888889,0.4791666666666667,0.8368055555555556,1,-0.6878137868031955
289,0.7750865051903114,0.4844290657439446,0.4809688581314879,0.8373702422145328,1,-0.7127886838589398
290,0.7724137931034483,0.4862068965517241,0.4827586206896552,0.8379310344827586,1,-0.7357655891502246
291,0.7697594501718213,0.4845360824742268,0.4845360824742268,0.8384879725085911,1,-0.7569043420182067
292,0.7671232876712328,0.4828767123287671,0.4863013698630137,0.839041095890411,1,-0.7763519946567501
293,0.764505119453925,0.48464163822525597,0.4880546075085324,0.8395904436860068,1,-0.79424383508421
294,0.7619047619047619,0.48299319727891155,0.48639455782312924,0.8401360544217688,1,-0.8107043282774732
295,0.7593220338983051,0.4847457627118644,0.488135593220339,0.8406779661016949,1,-0.8258479820152753
296,0.7567567567567568,0.4831081081081081,0.48986486486486486,0.8412162162162162,1,-0.8397801434540533
297,0.7542087542087542,0.48148148148148145,0.49158249158249157,0.8417508417508418,1,-0.852597731977729
298,0.7516778523489933,0.48322147651006714,0.49328859060402686,0.8422818791946308,1,-0.8643899134195107
299,0.7491638795986622,0.48494983277591974,0.4916387959866221,0.842809364548495,1,-0.8752387203459498
300,0.7466666666666667,0.4866666666666667,0.49333333333333335,0.8433333333333334,1,-0.8852196227182738
301,0.7441860465116279,0.4883720930232558,0.4950166112956811,0.8438538205980066,1,-0.8944020529008119
302,0.7417218543046358,0.4867549668874172,0.4966887417218543,0.8443708609271523,1,-0.9028498886687469
303,0.7392739273927392,0.48514851485148514,0.49834983498349833,0.8448844884488449,1,-0.9106218975752471
304,0.7368421052631579,0.48355263157894735,0.4967105263157895,0.8453947368421053,1,-0.9177721457692274
305,0.7344262295081967,0.4852459016393443,0.49508196721311476,0.8459016393442623,1,-0.9243503741076892
306,0.7320261437908496,0.48366013071895425,0.49673202614379086,0.8464052287581699,1,-0.9304023441790741
307,0.7328990228013029,0.48534201954397393,0.495114006514658,0.8436482084690554,1,-0.7759701566447482
308,0.7305194805194806,0.4837662337662338,0.4967532467532468,0.8441558441558441,1,-0.7938925441131683
309,0.7281553398058253,0.48220064724919093,0.49514563106796117,0.8446601941747572,1,-0.8103811405841148
310,0.7258064516129032,0.4806451612903226,0.4935483870967742,0.8451612903225807,1,-0.8255506493373856
311,0.7234726688102894,0.4790996784565916,0.49517684887459806,0.8456591639871383,1,-0.8395065973903948
312,0.7211538461538461,0.4775641025641026,0.4967948717948718,0.8461538461538461,1,-0.8523460695991633
313,0.7220447284345048,0.476038338658147,0.4984025559105431,0.8434504792332268,1,-0.7041583840312303
314,0.7229299363057324,0.47770700636942676,0.5,0.8407643312101911,1,-0.567825713308732
315,0.7206349206349206,0.47619047619047616,0.4984126984126984,0.8412698412698413,1,-0.6023996562440335
316,0.7183544303797469,0.4778481012658228,0.5,0.8417721518987342,1,-0.6342076837445108
317,0.7160883280757098,0.4794952681388013,0.501577287066246,0.8422712933753943,1,-0.6634710690449499
318,0.7138364779874213,0.4811320754716981,0.5,0.8427672955974843,1,-0.6903933835213539
319,0.7115987460815048,0.47962382445141066,0.5015673981191222,0.8432601880877743,1,-0.7151619128396456
320,0.709375,0.478125,0.503125,0.84375,1,-0.7379489598124739
321,0.7071651090342679,0.4797507788161994,0.5046728971962616,0.8442367601246106,1,-0.758913043027476
322,0.7049689440993789,0.4813664596273292,0.5062111801242236,0.84472049689441,1,-0.7781999995852779
323,0.7027863777089783,0.48297213622291024,0.5077399380804953,0.8452012383900929,1,-0.7959439996184556
324,0.7037037037037037,0.48148148148148145,0.5092592592592593,0.8425925925925926,1,-0.6522684796489793
325,0.7015384615384616,0.48,0.5076923076923077,0.8430769230769231,1,-0.6800870012770609
326,0.6993865030674846,0.4815950920245399,0.50920245398773,0.843558282208589,1,-0.705680041174896
327,0.7003058103975535,0.4831804281345566,0.5076452599388379,0.8409785932721713,1,-0.5692256378809044
328,0.698170731707317,0.4817073170731707,0.5091463414634146,0.8414634146341463,1,-0.603687586850432
329,0.6960486322188449,0.48328267477203646,0.5075987841945289,0.8419452887537994,1,-0.6353925799023974
330,0.693939393939394,0.48484848484848486,0.509090909090909,0.8424242424242424,1,-0.6645611735102056
331,0.6918429003021148,0.486404833836858,0.5075528700906344,0.8429003021148036,1,-0.6913962796293891
332,0.6897590361445783,0.4879518072289157,0.5060240963855421,0.8433734939759037,1,-0.716084577259038
333,0.6876876876876877,0.4864864864864865,0.5075075075075075,0.8438438438438438,1,-0.7387978110783149
334,0.6856287425149701,0.48502994011976047,0.5059880239520959,0.844311377245509,1,-0.7596939861920496
335,0.6835820895522388,0.4835820895522388,0.5044776119402985,0.844776119402985,1,-0.7789184672966857
336,0.6845238095238095,0.48214285714285715,0.5029761904761905,0.8422619047619048,1,-0.6366049899129509
337,0.685459940652819,0.4807121661721068,0.5014836795252225,0.8397626112759644,1,-0.5056765907199149
338,0.6834319526627219,0.4822485207100592,0.5029585798816568,0.8402366863905325,1,-0.5452224634623217
339,0.6814159292035398,0.4837758112094395,0.504424778761062,0.8407079646017699,1,-0.5816046663853359
340,0.6794117647058824,0.4852941176470588,0.5029411764705882,0.8411764705882353,1,-0.6150762930745091
341,0.6774193548387096,0.4838709677419355,0.5043988269794721,0.841642228739003,1,-0.6458701896285484
342,0.6783625730994152,0.4824561403508772,0.5029239766081871,0.8391812865497076,1,-0.5142005744582646
343,0.6793002915451894,0.4839650145772595,0.5043731778425656,0.8367346938775511,1,-0.39306452850160345
344,0.6773255813953488,0.48255813953488375,0.502906976744186,0.8372093023255814,1,-0.4416193662214752
345,0.6782608695652174,0.4811594202898551,0.5014492753623189,0.8347826086956521,1,-0.3262898169237572
346,0.6791907514450867,0.48265895953757226,0.5,0.8323699421965318,1,-0.22018663156985663
347,0.6772334293948127,0.4812680115273775,0.49855907780979825,0.8328530259365994,1,-0.2825717010442681
348,0.6752873563218391,0.4827586206896552,0.5,0.8333333333333334,1,-0.3399659649607267
349,0.6762177650429799,0.4813753581661891,0.498567335243553,0.830945558739255,1,-0.23276868776386855
350,0.6771428571428572,0.48,0.49714285714285716,0.8285714285714286,1,-0.1341471927427591
351,0.6752136752136753,0.48148148148148145,0.49572649572649574,0.8290598290598291,1,-0.2034154173233384
352,0.6732954545454546,0.48295454545454547,0.4971590909090909,0.8295454545454546,1,-0.26714218393747136
353,0.6713881019830028,0.48158640226628896,0.49575070821529743,0.830028328611898,1,-0.32577080922247365
354,0.6694915254237288,0.4830508474576271,0.4943502824858757,0.8305084745762712,1,-0.3797091444846758
355,0.6676056338028169,0.48450704225352115,0.49295774647887325,0.8309859154929577,1,-0.42933241292590174
356,0.6657303370786517,0.48314606741573035,0.4943820224719101,0.8314606741573034,1,-0.47498581989182964
357,0.6638655462184874,0.484593837535014,0.4957983193277311,0.8319327731092437,1,-0.5169869543004832
358,0.6620111731843575,0.4860335195530726,0.49441340782122906,0.8324022346368715,1,-0.5556279979564446
359,0.6601671309192201,0.48746518105849584,0.49303621169916434,0.8328690807799443,1,-0.591177758119929
360,0.6583333333333333,0.4861111111111111,0.49166666666666664,0.8333333333333334,1,-0.6238835374703346
361,0.6565096952908587,0.48476454293628807,0.4903047091412742,0.8337950138504155,1,-0.6539728544727078
362,0.6546961325966851,0.48342541436464087,0.4889502762430939,0.8342541436464088,1,-0.6816550261148911
363,0.6528925619834711,0.4820936639118457,0.4903581267217631,0.8347107438016529,1,-0.7071226240256998
364,0.6510989010989011,0.4807692307692308,0.489010989010989,0.8351648351648352,1,-0.7305528141036438
365,0.6493150684931507,0.4794520547945205,0.4904109589041096,0.8356164383561644,1,-0.7521085889753523
366,0.6475409836065574,0.4781420765027322,0.4890710382513661,0.8360655737704918,1,-0.7719399018573241
367,0.6457765667574932,0.4768392370572207,0.4904632152588556,0.8365122615803815,1,-0.7901847097087381
368,0.6440217391304348,0.4782608695652174,0.49184782608695654,0.8369565217391305,1,-0.806969932932039
369,0.6422764227642277,0.4796747967479675,0.4932249322493225,0.8373983739837398,1,-0.8224123382974758
370,0.6405405405405405,0.4783783783783784,0.4918918918918919,0.8378378378378378,1,-0.8366193512336778
371,0.6388140161725068,0.477088948787062,0.49056603773584906,0.8382749326145552,1,-0.8496898031349835
372,0.6370967741935484,0.478494623655914,0.49193548387096775,0.8387096774193549,1,-0.8617146188841849
373,0.6353887399463807,0.47989276139410186,0.4906166219839142,0.839142091152815,1,-0.87277744937345
374,0.6336898395721925,0.48128342245989303,0.4893048128342246,0.839572192513369,1,-0.8829552534235741
375,0.632,0.48,0.488,0.84,1,-0.8923188331496882
376,0.6303191489361702,0.4787234042553192,0.4867021276595745,0.8404255319148937,1,-0.9009333264977131
377,0.6286472148541115,0.47745358090185674,0.4854111405835544,0.8408488063660478,1,-0.908858660377896
378,0.626984126984127,0.47619047619047616,0.48412698412698413,0.8412698412698413,1,-0.9161499675476643
379,0.6253298153034301,0.47757255936675463,0.48548812664907653,0.841688654353562,1,-0.9228579701438512
380,0.6236842105263158,0.4763157894736842,0.4842105263157895,0.8421052631578947,1,-0.9290293325323431
381,0.6220472440944882,0.4776902887139108,0.48293963254593175,0.84251968503937,1,-0.9347069859297557
382,0.6204188481675392,0.47643979057591623,0.4816753926701571,0.8429319371727748,1,-0.9399304270553752
383,0.618798955613577,0.4751958224543081,0.4830287206266319,0.8433420365535248,1,-0.9447359928909452
384,0.6171875,0.4765625,0.484375,0.84375,1,-0.9491571134596696
385,0.6181818181818182,0.4779220779220779,0.4831168831168831,0.8415584415584415,1,-0.7932245443828961
386,0.616580310880829,0.4792746113989637,0.4844559585492228,0.8419689119170984,1,-0.8097665808322644
387,0.6149870801033591,0.4780361757105943,0.48578811369509045,0.8423772609819121,1,-0.8249852543656833
388,0.6134020618556701,0.47680412371134023,0.4845360824742268,0.8427835051546392,1,-0.8389864340164286
389,0.6118251928020566,0.4755784061696658,0.4832904884318766,0.8431876606683805,1,-0.8518675192951143
390,0.6102564102564103,0.47435897435897434,0.48205128205128206,0.8435897435897436,1,-0.8637181177515051
391,0.6086956521739131,0.4731457800511509,0.4833759590792839,0.8439897698209718,1,-0.8746206683313846
392,0.6071428571428571,0.4719387755102041,0.4846938775510204,0.8443877551020408,1,-0.8846510148648739
393,0.6055979643765903,0.4707379134860051,0.48346055979643765,0.8447837150127226,1,-0.8938789336756839
394,0.6040609137055838,0.4720812182741117,0.4847715736040609,0.8451776649746193,1,-0.9023686189816292
395,0.6025316455696202,0.47341772151898737,0.4835443037974684,0.8455696202531645,1,-0.9101791294630989
396,0.601010101010101,0.4722222222222222,0.4823232323232323,0.8459595959595959,1,-0.917364799106051
397,0.5994962216624685,0.473551637279597,0.4836272040302267,0.8463476070528967,1,-0.9239756151775669
398,0.5979899497487438,0.4748743718592965,0.4824120603015075,0.8467336683417085,1,-0.9300575659633615
399,0.5964912280701754,0.47619047619047616,0.48120300751879697,0.8471177944862155,1,-0.9356529606862926
400,0.595,0.4775,0.4825,0.8475,1,-0.9408007238313891
401,0.5960099750623441,0.47880299251870323,0.48129675810473815,0.8453865336658354,1,-0.785536665924878
402,0.5970149253731343,0.47761194029850745,0.48258706467661694,0.8432835820895522,1,-0.6426937326508878
403,0.5955334987593052,0.47890818858560796,0.4838709677419355,0.8436724565756824,1,-0.6712782340388168
404,0.5965346534653465,0.4777227722772277,0.48514851485148514,0.8415841584158416,1,-0.5375759753157116
405,0.5975308641975309,0.47901234567901235,0.48641975308641977,0.8395061728395061,1,-0.4145698972904546
406,0.5985221674876847,0.47783251231527096,0.4876847290640394,0.8374384236453202,1,-0.30140430550721825
407,0.597051597051597,0.47911547911547914,0.48894348894348894,0.8378378378378378,1,-0.3572919610666408
408,0.5955882352941176,0.4803921568627451,0.49019607843137253,0.8382352941176471,1,-0.40870860418130955
409,0.5941320293398533,0.48166259168704156,0.49144254278728605,0.8386308068459658,1,-0.45601191584680484
410,0.5926829268292683,0.48292682926829267,0.4902439024390244,0.8390243902439024,1,-0.4995309625790605
411,0.5912408759124088,0.48175182481751827,0.48905109489051096,0.8394160583941606,1,-0.5395684855727356
412,0.5898058252427184,0.48058252427184467,0.49029126213592233,0.8398058252427184,1,-0.5764030067269168
413,0.5907990314769975,0.48184019370460046,0.4891041162227603,0.837772397094431,1,-0.45029076618876346
414,0.5893719806763285,0.4806763285024155,0.49033816425120774,0.8381642512077294,1,-0.4942675048936624
415,0.5879518072289157,0.4795180722891566,0.4891566265060241,0.8385542168674699,1,-0.5347261045021694
416,0.5865384615384616,0.47836538461538464,0.49038461538461536,0.8389423076923077,1,-0.5719480161419959
417,0.5875299760191847,0.47961630695443647,0.49160671462829736,0.8369304556354916,1,-0.44619217485063617
418,0.5861244019138756,0.48086124401913877,0.49282296650717705,0.8373205741626795,1,-0.4904968008625853
419,0.5847255369928401,0.4821002386634845,0.49403341288782815,0.837708830548926,1,-0.5312570567935785
420,0.5833333333333334,0.48095238095238096,0.4928571428571429,0.8380952380952381,1,-0.5687564922500922
421,0.5819477434679335,0.47980997624703087,0.49406175771971494,0.838479809976247,1,-0.6032559728700848
422,0.5829383886255924,0.4786729857819905,0.4928909952606635,0.8364928909952607,1,-0.47499549504047806
423,0.5815602836879432,0.47754137115839246,0.4940898345153664,0.8368794326241135,1,-0.5169958554372398
424,0.5801886792452831,0.47641509433962265,0.49528301886792453,0.8372641509433962,1,-0.5556361870022606
425,0.5788235294117647,0.4752941176470588,0.49411764705882355,0.8376470588235294,1,-0.5911852920420797
426,0.5774647887323944,0.4765258215962441,0.4953051643192488,0.8380281690140845,1,-0.6238904686787133
427,0.5761124121779859,0.477751756440281,0.4964871194379391,0.8384074941451991,1,-0.6539792311844163
428,0.5747663551401869,0.47897196261682246,0.4976635514018692,0.8387850467289719,1,-0.6816608926896629
429,0.5757575757575758,0.4801864801864802,0.4988344988344988,0.8368298368298368,1,-0.5471280212744899
430,0.5744186046511628,0.4790697674418605,0.49767441860465117,0.8372093023255814,1,-0.5833577795725307
431,0.5730858468677494,0.4802784222737819,0.4988399071925754,0.8375870069605569,1,-0.6166891572067282
432,0.5717592592592593,0.4791666666666667,0.4976851851851852,0.8379629629629629,1,-0.64735402463019
433,0.5704387990762124,0.48036951501154734,0.49653579676674364,0.8383371824480369,1,-0.6755657026597748
434,0.5691244239631337,0.4792626728110599,0.4976958525345622,0.8387096774193549,1,-0.7015204464469927
435,0.5701149425287356,0.4804597701149425,0.496551724137931,0.8367816091954023,1,-0.5653988107312334
436,0.5688073394495413,0.481651376146789,0.49770642201834864,0.8371559633027523,1,-0.6001669058727347
437,0.5675057208237986,0.482837528604119,0.4988558352402746,0.8375286041189931,1,-0.6321535534029159
438,0.5662100456621004,0.4817351598173516,0.5,0.8378995433789954,1,-0.6615812691306826
439,0.5649202733485194,0.48291571753986334,0.4988610478359909,0.8382687927107062,1,-0.688654767600228
440,0.5636363636363636,0.48409090909090907,0.5,0.8386363636363636,1,-0.7135623861922098
441,0.562358276643991,0.4852607709750567,0.4988662131519274,0.8390022675736961,1,-0.736477395296833
442,0.5610859728506787,0.48642533936651583,0.497737556561086,0.8393665158371041,1,-0.7575592036730864
443,0.5598194130925508,0.48758465011286684,0.4966139954853273,0.8397291196388262,1,-0.7769544673792395
444,0.5585585585585585,0.4864864864864865,0.49774774774774777,0.8400900900900901,1,-0.7947981099889003
445,0.5573033707865168,0.48764044943820223,0.4966292134831461,0.8404494382022472,1,-0.8112142611897883
446,0.5560538116591929,0.48878923766816146,0.49551569506726456,0.8408071748878924,1,-0.8263171202946052
447,0.5548098434004475,0.48769574944071586,0.4966442953020134,0.8411633109619687,1,-0.8402117506710368
448,0.5535714285714286,0.4888392857142857,0.49776785714285715,0.8415178571428571,1,-0.8529948106173538
449,0.5523385300668151,0.48997772828507796,0.49665924276169265,0.8418708240534521,1,-0.8647552257679655
450,0.5511111111111111,0.4911111111111111,0.4955555555555556,0.8422222222222222,1,-0.8755748077065283
451,0.549889135254989,0.49002217294900224,0.49667405764966743,0.8425720620842572,1,-0.885528823090006
452,0.5486725663716814,0.4911504424778761,0.497787610619469,0.8429203539823009,1,-0.8946865172428056
453,0.5474613686534217,0.4922737306843267,0.4966887417218543,0.8432671081677704,1,-0.9031115958633811
454,0.5462555066079295,0.4933920704845815,0.4955947136563877,0.8436123348017621,1,-0.9108626681943106
455,0.545054945054945,0.49230769230769234,0.4967032967032967,0.843956043956044,1,-0.9179936547387657
456,0.543859649122807,0.49122807017543857,0.4956140350877193,0.8442982456140351,1,-0.9245541623596645
457,0.5448577680525164,0.4923413566739606,0.49452954048140046,0.8424507658643327,1,-0.7705898293708914
458,0.5436681222707423,0.4912663755458515,0.49563318777292575,0.8427947598253275,1,-0.7889426430212201
459,0.5424836601307189,0.4923747276688453,0.49455337690631807,0.8431372549019608,1,-0.8058272315795225
460,0.5413043478260869,0.49130434782608695,0.4934782608695652,0.8434782608695652,1,-0.8213610530531608
461,0.5422993492407809,0.4924078091106291,0.4945770065075922,0.841648590021692,1,-0.675652168808908
462,0.5411255411255411,0.4935064935064935,0.4935064935064935,0.841991341991342,1,-0.7015999953041954
463,0.5421166306695464,0.4946004319654428,0.4946004319654428,0.8401727861771058,1,-0.5654719956798598
464,0.540948275862069,0.4956896551724138,0.4956896551724138,0.8405172413793104,1,-0.600234236025471
465,0.5397849462365591,0.4946236559139785,0.4946236559139785,0.8408602150537634,1,-0.6322154971434333
466,0.5386266094420601,0.4957081545064378,0.49356223175965663,0.8412017167381974,1,-0.6616382573719586
467,0.5374732334047109,0.49678800856531047,0.49464668094218417,0.841541755888651,1,-0.6887071967822019
468,0.5363247863247863,0.49572649572649574,0.49572649572649574,0.8418803418803419,1,-0.7136106210396258
469,0.5373134328358209,0.4968017057569296,0.4946695095948827,0.8400852878464818,1,-0.5765217713564558
470,0.5361702127659574,0.4978723404255319,0.4957446808510638,0.8404255319148937,1,-0.6104000296479393
471,0.535031847133758,0.4968152866242038,0.49469214437367304,0.8407643312101911,1,-0.6415680272761041
472,0.5338983050847458,0.4957627118644068,0.4936440677966102,0.8411016949152542,1,-0.6702425850940157
473,0.53276955602537,0.49471458773784355,0.49471458773784355,0.8414376321353065,1,-0.6966231782864944
474,0.5337552742616034,0.4936708860759494,0.4957805907172996,0.8396624472573839,1,-0.560893324023575
475,0.5326315789473685,0.4926315789473684,0.4968421052631579,0.84,1,-0.596021858101689
476,0.5315126050420168,0.49369747899159666,0.4957983193277311,0.8403361344537815,1,-0.6283401094535538
477,0.5303983228511531,0.4947589098532495,0.4947589098532495,0.8406708595387841,1,-0.6580729006972694
478,0.5292887029288703,0.49581589958158995,0.49372384937238495,0.8410041841004184,1,-0.6854270686414878
479,0.5281837160751566,0.49478079331941544,0.49478079331941544,0.8413361169102297,1,-0.7105929031501688
480,0.5291666666666667,0.49583333333333335,0.49375,0.8395833333333333,1,-0.5737454708981553
481,0.5301455301455301,0.49480249480249483,0.49272349272349275,0.8378378378378378,1,-0.44784583322630284
482,0.529045643153527,0.495850622406639,0.491701244813278,0.8381742738589212,1,-0.49201816656819863
483,0.5279503105590062,0.494824016563147,0.4927536231884058,0.8385093167701864,1,-0.5326567132427428
484,0.5268595041322314,0.49586776859504134,0.493801652892562,0.8388429752066116,1,-0.5700441761833234
485,0.5257731958762887,0.4948453608247423,0.4948453608247423,0.8391752577319588,1,-0.6044406420886574
486,0.5246913580246914,0.49382716049382713,0.49588477366255146,0.8395061728395061,1,-0.6360853907215648
487,0.5236139630390144,0.4948665297741273,0.4948665297741273,0.839835728952772,1,-0.6651985594638395
488,0.5225409836065574,0.49385245901639346,0.4959016393442623,0.8401639344262295,1,-0.6919826747067324
489,0.5214723926380368,0.49284253578732107,0.49693251533742333,0.8404907975460123,1,-0.7166240607301938
490,0.5204081632653061,0.49387755102040815,0.4959183673469388,0.8408163265306122,1,-0.7392941358717783
491,0.5193482688391039,0.49490835030549896,0.4969450101832994,0.8411405295315683,1,-0.760150605002036
492,0.5182926829268293,0.4959349593495935,0.49796747967479676,0.8414634146341463,1,-0.7793385566018731
493,0.5172413793103449,0.4949290060851927,0.4969574036511156,0.8417849898580122,1,-0.7969914720737232
494,0.5161943319838057,0.4959514170040486,0.4959514170040486,0.8421052631578947,1,-0.8132321543078254
495,0.5151515151515151,0.49696969696969695,0.49696969696969695,0.8424242424242424,1,-0.8281735819631993
496,0.5141129032258065,0.4959677419354839,0.49798387096774194,0.842741935483871,1,-0.8419196954061434
497,0.5130784708249497,0.4969818913480885,0.4969818913480885,0.8430583501006036,1,-0.8545661197736519
498,0.5120481927710844,0.4959839357429719,0.4959839357429719,0.8433734939759037,1,-0.8662008301917598
499,0.5110220440881763,0.4969939879759519,0.49498997995991983,0.843687374749499,1,-0.876904763776419
500,0.51,0.498,0.494,0.844,1,-0.8867523826743055
