trial,target,decision,reported
0,1,1,1
1,1,1,
2,0,0,
3,1,1,
4,1,1,
5,0,0,
6,1,1,
7,1,1,
8,0,0,
9,0,0,
10,0,0,0
11,1,1,
12,0,1,1
13,1,1,1
14,1,1,
15,0,1,
16,1,1,
17,0,0,
18,0,0,
19,1,1,
20,0,0,
21,1,1,
22,0,0,
23,1,1,1
24,0,0,
25,1,1,1
26,1,0,
27,1,1,1
28,0,0,
29,1,1,
30,1,1,
31,1,1,
32,1,1,
33,0,0,
34,0,0,
35,1,1,
36,0,0,
37,1,0,
38,1,1,
39,1,1,
40,0,0,0
41,1,1,
42,1,0,
43,0,0,0
44,0,0,
45,0,0,
46,1,1,
47,0,0,
48,0,0,0
49,1,0,
50,0,0,0
51,0,0,
52,0,0,
53,1,1,1
54,0,1,
55,1,1,
56,0,0,0
57,0,0,
58,1,1,
59,1,1,1
60,0,0,
61,0,0,0
62,1,1,1
63,0,0,
64,1,1,
65,1,1,
66,1,1,
67,1,1,
68,0,0,
69,0,0,0
70,1,0,0
71,1,1,
72,0,0,
73,1,1,1
74,1,1,
75,1,1,
76,0,0,
77,1,1,
78,1,1,
79,0,0,
80,1,1,
81,1,1,1
82,1,1,
83,1,1,
84,0,1,
85,0,0,0
86,0,0,
87,0,1,
88,0,0,
89,0,0,0
90,1,1,
91,1,0,0
92,0,0,
93,1,0,0
94,1,0,0
95,1,1,1
96,0,0,
97,1,1,
98,0,0,
99,0,0,0
100,1,0,
101,1,1,
102,0,0,
103,0,0,0
104,1,1,
105,0,0,
106,0,1,
107,1,1,
108,1,1,1
109,0,0,0
110,1,1,
111,1,1,
112,0,0,0
113,1,1,
114,0,0,
115,0,0,
116,0,1,
117,0,0,
118,0,0,0
119,1,1,
120,0,1,
121,0,0,0
122,0,0,
123,0,0,
124,1,1,1
125,0,0,
126,0,0,
127,0,0,
128,1,1,
129,0,1,
130,0,0,0
131,0,0,
132,0,0,
133,0,1,
134,1,1,
135,1,1,1
136,1,1,
137,0,0,
138,0,1,
139,1,1,
140,1,1,
141,1,1,
142,1,0,
143,1,1,
144,1,1,
145,1,1,1
146,0,0,
147,1,1,
148,1,0,
149,0,1,1
150,0,1,
151,1,1,1
152,0,0,
153,1,1,1
154,1,0,
155,0,0,
156,0,0,
157,0,0,
158,1,0,
159,0,0,
160,0,1,
161,0,1,
162,0,0,
163,1,1,1
164,0,1,
165,0,0,
166,0,0,0
167,0,1,
168,0,1,1
169,1,1,
170,1,1,
171,1,1,1
172,0,0,
173,0,0,
174,1,1,
175,1,1,
176,1,0,
177,1,1,
178,1,1,1
179,0,0,0
180,1,1,
181,1,1,
182,1,1,
183,0,0,
184,0,0,
185,0,0,
186,0,0,0
187,0,1,
188,1,1,
189,1,1,
190,0,1,
191,1,1,
192,0,0,
193,0,0,
194,0,0,0
195,0,0,0
196,1,1,
197,1,1,
198,0,0,
199,1,1,
200,0,1,
201,0,0,
202,1,0,
203,0,0,
204,1,0,
205,0,0,0
206,1,1,
207,0,0,0
208,0,0,
209,0,0,0
210,1,1,
211,1,1,1
212,0,0,0
213,0,0,
214,1,1,1
215,1,1,
216,0,0,
217,0,1,
218,0,0,
219,1,1,1
220,1,1,
221,0,0,
222,0,0,
223,0,0,
224,1,1,
225,1,1,
226,0,0,
227,0,0,
228,1,1,
229,1,1,
230,1,1,1
231,1,1,
232,1,1,
233,1,1,
234,0,0,0
235,0,0,
236,0,0,
237,0,0,
238,0,0,
239,0,0,0
240,0,0,
241,1,0,
242,1,1,
243,1,1,1
244,1,1,
245,0,0,
246,1,1,
247,1,1,1
248,1,1,1
249,0,1,1
250,1,1,1
251,1,1,
252,1,1,
253,0,0,
254,0,0,
255,1,1,
256,1,0,
257,1,1,
258,1,0,0
259,1,1,1
260,0,0,0
261,0,0,
262,0,0,
263,0,0,
264,0,0,
265,0,1,
266,0,0,
267,0,0,0
268,1,1,
269,0,0,
270,0,0,0
271,1,1,1
272,0,1,
273,1,0,0
274,0,0,0
275,0,0,0
276,1,0,
277,1,1,
278,0,1,
279,1,0,
280,0,0,
281,1,1,
282,0,0,
283,1,1,
284,1,1,
285,0,0,
286,1,1,
287,0,0,
288,1,1,1
289,0,0,
290,1,1,1
291,1,1,
292,1,1,
293,1,0,
294,1,0,0
295,1,1,1
296,0,0,
297,0,1,
298,1,1,1
299,1,1,
300,1,1,1
301,1,1,1
302,0,0,
303,0,0,
304,1,0,0
305,1,1,1
306,0,0,
307,1,1,1
308,1,0,
309,1,1,
310,1,1,1
311,1,1,
312,1,1,1
313,1,1,
314,1,1,
315,1,0,
316,1,0,
317,1,1,
318,0,0,
319,1,0,0
320,0,1,
321,0,1,
322,0,0,
323,1,1,
324,1,1,1
325,0,1,
326,0,0,
327,0,0,
328,1,1,
329,1,1,
330,0,0,
331,1,0,
332,1,1,
333,0,0,
334,1,1,
335,1,1,
336,1,1,
337,1,1,
338,1,1,
339,0,0,
340,1,1,
341,1,1,
342,1,1,
343,1,1,
344,1,1,1
345,0,0,
346,1,1,
347,1,1,
348,1,1,1
349,1,1,1
350,1,1,
351,1,0,
352,0,1,
353,1,1,
354,1,1,
355,1,1,1
356,0,0,
357,1,0,
358,0,0,0
359,1,1,
360,0,0,
361,0,0,
362,1,1,
363,0,0,
364,0,0,
365,1,1,
366,1,0,
367,0,0,0
368,0,0,
369,0,0,
370,1,0,0
371,0,0,0
372,1,1,1
373,0,1,
374,0,1,
375,0,1,1
376,1,1,1
377,0,0,
378,0,0,
379,1,1,1
380,1,1,
381,0,0,
382,1,1,
383,0,0,0
384,1,1,
385,1,1,
386,1,1,
387,1,1,
388,0,0,0
389,1,1,
390,0,0,
391,1,0,
392,1,1,
393,0,0,
394,0,0,
395,1,1,
396,0,0,0
397,1,1,
398,1,1,
399,0,0,
400,0,0,0
401,1,1,
402,1,1,
403,0,0,
404,0,0,
405,0,0,0
406,0,1,
407,1,1,
408,1,1,
409,1,1,1
410,1,1,
411,0,1,1
412,1,1,
413,1,1,
414,1,1,
415,0,1,1
416,1,0,0
417,1,0,
418,1,0,
419,0,0,
420,0,0,
421,1,1,1
422,0,1,1
423,0,1,
424,1,1,
425,1,1,
426,1,1,
427,0,0,0
428,0,0,
429,0,1,
430,1,1,
431,0,1,
432,1,0,
433,0,0,
434,1,0,
435,1,1,
436,0,0,
437,1,1,
438,0,0,
439,1,1,
440,1,1,
441,0,1,
442,0,0,
443,1,1,
444,1,1,
445,0,0,
446,0,0,
447,1,1,1
448,0,0,
449,0,1,1
450,0,0,
451,1,1,
452,1,1,
453,1,1,
454,0,0,
455,0,0,0
456,0,0,
457,0,1,
458,1,1,
459,1,0,
460,0,0,0
461,1,1,
462,1,1,
463,0,0,0
464,0,0,
465,0,1,
466,0,0,
467,0,0,
468,0,0,
469,1,1,
470,0,0,
471,1,1,
472,1,1,
473,1,0,
474,0,0,
475,0,1,
476,0,0,0
477,1,1,
478,1,0,
479,1,1,
480,1,1,
481,1,1,
482,0,0,
483,1,0,
484,1,0,0
485,0,0,
486,1,0,
487,1,1,
488,1,0,0
489,0,1,
490,1,1,
491,1,1,1
492,0,1,
493,0,0,
494,1,0,
495,0,0,
496,1,1,1
497,0,0,0
498,0,0,
499,0,0,0
500,0,0,
501,0,0,
502,0,0,0
503,0,1,
504,0,0,
505,1,1,
506,0,0,
507,1,1,1
508,0,0,
509,0,0,
510,0,0,
511,1,1,
512,1,1,1
513,0,0,
514,1,1,1
515,0,0,
516,1,1,
517,0,0,
518,0,0,
519,0,0,
520,0,0,
521,1,1,
522,0,1,
523,0,0,
524,1,1,
525,1,1,
526,0,0,
527,0,0,
528,1,1,
529,1,1,1
530,1,1,
531,0,1,1
532,0,0,0
533,0,1,
534,1,1,1
535,0,0,
536,0,0,
537,0,0,0
538,1,0,
539,1,1,1
540,1,1,1
541,1,1,1
542,1,1,1
543,0,0,0
544,0,1,
545,0,1,
546,1,1,
547,0,0,
548,1,1,
549,1,0,
550,1,1,
551,0,0,
552,0,0,
553,1,0,
554,1,1,1
555,1,1,
556,0,0,
557,1,0,
558,0,0,
559,0,0,
560,0,0,0
561,0,1,
562,0,0,
563,0,1,
564,1,1,
565,1,1,
566,0,0,
567,1,0,
568,1,1,1
569,1,1,
570,0,0,0
571,0,0,0
572,0,0,
573,1,1,
574,0,0,0
575,0,0,0
576,1,1,
577,0,0,0
578,0,0,
579,0,0,
580,1,1,
581,0,0,0
582,1,1,
583,0,0,
584,1,1,
585,0,1,
586,0,0,0
587,1,1,
588,1,1,
589,0,0,
590,1,1,
591,1,0,0
592,1,1,1
593,0,0,
594,0,0,
595,1,1,
596,1,1,1
597,1,1,
598,0,1,
599,0,1,
600,1,0,
601,1,0,
602,1,1,
603,1,0,
604,0,1,
605,0,0,
606,0,0,
607,0,0,0
608,0,1,
609,0,0,
610,1,1,
611,1,0,
612,1,1,
613,0,0,
614,0,1,
615,1,1,
616,0,0,
617,1,0,
618,1,0,0
619,0,0,
620,0,0,0
621,0,1,
622,1,0,
623,1,1,
624,1,1,
625,0,1,1
626,1,1,1
627,0,1,
628,1,1,
629,0,0,
630,1,1,
631,1,1,
632,1,0,0
633,1,1,
634,1,1,
635,0,0,
636,1,1,
637,0,0,
638,0,0,
639,1,1,
640,1,1,
641,1,0,
642,0,0,0
643,0,0,0
644,0,1,1
645,0,0,0
646,0,0,
647,0,1,
648,1,1,1
649,0,0,
650,1,1,1
651,0,0,
652,0,0,
653,0,1,
654,0,1,
655,0,0,
656,0,1,
657,1,1,1
658,1,1,
659,1,1,
660,1,0,
661,0,0,
662,1,0,0
663,0,1,
664,0,0,
665,0,0,0
666,1,0,
667,1,1,
668,1,1,
669,0,1,1
670,0,0,
671,1,1,
672,1,1,
673,1,1,
674,1,1,
675,1,1,
676,1,0,
677,0,1,
678,0,0,0
679,1,1,
680,1,1,1
681,1,1,
682,1,0,
683,0,0,
684,0,0,0
685,1,0,
686,1,1,
687,0,1,
688,1,1,
689,1,1,
690,1,0,
691,1,1,
692,1,1,
693,1,1,
694,0,0,0
695,1,1,
696,0,1,1
697,1,1,1
698,1,0,
699,0,0,0
700,0,0,
701,1,1,1
702,1,1,1
703,1,0,
704,0,0,
705,0,0,
706,0,0,
707,1,1,
708,1,0,
709,1,1,
710,0,0,
711,1,1,1
712,1,0,
713,1,1,
714,1,1,
715,1,1,
716,0,0,
717,1,1,
718,1,0,0
719,0,0,
720,1,0,
721,1,0,
722,1,1,1
723,1,1,
724,1,1,
725,0,0,
726,0,0,
727,1,0,
728,0,0,
729,1,1,
730,0,0,
731,0,0,
732,1,1,
733,1,1,
734,1,0,0
735,1,1,
736,0,0,0
737,1,1,
738,0,1,
739,1,1,
740,1,1,
741,1,1,
742,1,0,
743,0,0,
744,1,1,
745,0,1,1
746,0,0,
747,1,0,
748,0,0,
749,0,0,0
750,1,1,
751,1,1,
752,0,1,
753,1,1,
754,1,1,
755,0,1,
756,1,1,
757,0,0,0
758,1,1,1
759,1,1,1
760,1,1,
761,1,1,
762,1,1,
763,0,0,
764,1,1,1
765,1,0,0
766,1,1,1
767,1,1,
768,0,0,0
769,0,0,
770,0,1,
771,0,1,1
772,0,0,
773,1,1,1
774,1,0,
775,1,1,
776,1,1,
777,0,0,
778,0,0,0
779,0,0,0
780,1,1,
781,1,1,
782,0,0,
783,0,0,
784,0,0,
785,0,0,
786,0,0,
787,1,0,0
788,1,0,0
789,1,1,1
790,1,1,
791,0,0,0
792,1,0,
793,0,1,1
794,1,0,
795,1,0,0
796,1,1,
797,0,1,1
798,0,0,
799,0,0,
800,1,1,
801,1,1,
802,0,1,
803,1,1,
804,0,1,1
805,0,0,
806,0,0,
807,1,1,
808,1,1,
809,0,1,1
810,1,1,
811,0,0,0
812,0,0,
813,1,1,
814,1,0,0
815,1,1,
816,1,1,1
817,0,0,
818,0,0,0
819,0,0,
820,0,0,
821,0,1,
822,1,0,
823,0,0,
824,0,0,0
825,0,0,0
826,1,1,
827,0,0,
828,0,0,
829,0,0,
830,0,0,
831,0,0,
832,1,1,1
833,0,0,0
834,0,0,
835,0,0,
836,0,0,0
837,0,1,1
838,0,0,
839,0,0,
840,1,1,
841,1,1,
842,1,1,
843,1,1,
844,1,1,
845,0,0,0
846,1,1,
847,0,0,
848,0,0,0
849,0,0,
850,1,1,
851,0,0,
852,1,1,
853,0,0,
854,1,1,1
855,0,1,
856,1,0,
857,0,0,0
858,0,0,
859,0,0,
860,1,1,
861,1,1,
862,0,0,
863,0,0,
864,1,1,
865,0,0,0
866,0,0,
867,0,0,
868,0,0,
869,0,0,
870,0,0,
871,0,0,0
872,1,1,1
873,1,1,
874,1,1,
875,1,1,1
876,0,1,
877,1,0,
878,0,0,0
879,1,1,
880,0,0,
881,0,0,0
882,1,1,
883,0,1,1
884,1,1,1
885,1,1,
886,1,1,1
887,0,0,
888,1,0,
889,0,0,0
890,0,0,0
891,1,1,1
892,0,0,
893,0,0,
894,0,0,
895,0,0,
896,0,0,
897,0,0,0
898,0,1,
899,1,1,
900,0,0,
901,0,0,0
902,0,1,
903,0,0,
904,1,1,
905,1,1,
906,0,1,
907,0,0,
908,1,1,
909,1,1,
910,0,0,
911,0,0,
912,1,1,
913,0,0,
914,0,0,0
915,1,1,1
916,0,0,
917,1,0,
918,0,1,
919,1,1,1
920,0,0,
921,0,1,
922,1,1,
923,1,1,
924,0,0,
925,0,0,
926,1,0,
927,0,0,
928,0,0,
929,0,0,0
930,1,0,
931,1,1,
932,0,1,1
933,1,1,
934,0,0,
935,1,0,0
936,0,0,
937,0,0,
938,0,0,
939,1,1,1
940,1,1,
941,1,1,1
942,1,1,
943,1,1,
944,0,1,
945,1,1,
946,0,0,
947,0,0,
948,0,1,1
949,1,1,
950,1,1,1
951,0,0,
952,1,1,
953,0,0,
954,0,0,0
955,1,1,
956,0,0,0
957,0,1,
958,1,1,
959,0,0,0
960,1,1,
961,1,0,0
962,0,0,0
963,0,0,
964,1,1,
965,1,1,
966,0,0,
967,1,1,
968,1,1,
969,0,0,0
970,1,1,
971,0,0,
972,1,1,
973,1,1,
974,1,0,
975,1,1,
976,1,1,
977,1,0,
978,1,0,0
979,0,0,0
980,1,0,
981,1,1,
982,1,1,1
983,0,0,
984,1,1,1
985,0,0,0
986,1,1,1
987,0,0,
988,0,0,
989,0,0,
990,1,1,
991,0,0,0
992,1,0,
993,0,0,
994,0,0,
995,1,1,1
996,1,1,
997,0,0,
998,1,1,1
999,0,1,
