voltage_mV,m_inf,h_inf,n_inf,tau_m_ms,tau_h_ms,tau_n_ms
-100,0.0005329778846169563,0.9962871741539278,0.025446654154322342,0.03574760784411865,2.473267872311834,5.033751453365069
-98,0.000703500916717343,0.994996365738375,0.0303727152191197,0.03994181763294058,2.729842301686248,5.135093326805989
-96,0.000927541296807615,0.9932603198700755,0.036160931657758105,0.04462573559611971,3.0116784339275164,5.233658742341259
-94,0.0012214679306540434,0.9909282385082161,0.04293362565672072,0.049855438722926346,3.3206046055307383,5.328442642987971
-92,0.0016064770463591835,0.9878004343989627,0.05082154506356983,0.055692926666950235,3.658252029710171,5.418305286950054
-90,0.002109937917110723,0.9836141962195385,0.059961515540674686,0.062206522774320414,4.025859792523971,5.501974776334058
-88,0.002767078146655661,0.9780269202749381,0.07049302582699637,0.06947119640842515,4.423989777165732,5.5780573631665655
-86,0.0036230767481013186,0.9705971016974847,0.08255363030234174,0.07756874653368721,4.8521223580261275,5.645057526629627
-84,0.004735637466298559,0.9607649366965657,0.09627313284985747,0.08658776087411087,5.308103070246127,5.701409581845367
-82,0.006178112904469462,0.9478362589577997,0.11176663702499492,0.09662323082171255,5.7874195731569085,5.745521991474701
-80,0.008043237159868665,0.9309765449143949,0.12912670817536034,0.10777565801170043,6.282316874342187,5.775834537345948
-78,0.010447493610290954,0.9092257116532467,0.1484150818930882,0.12014943309365958,6.780820612730095,5.790887060673224
-76,0.01353608492610934,0.8815485401225113,0.1696545460702695,0.13385020129143776,7.265846615212538,5.789396683709941
-74,0.017488370498834026,0.8469373914904352,0.19282178470204667,0.14898085670416916,7.714730335363033,5.770338494672298
-72,0.022523475214126572,0.804578977270273,0.21784205660495787,0.16563573769383674,8.099674607434642,5.733022946801412
-70,0.028905534475191907,0.7540796658225246,0.24458654944007166,0.18389254850358308,8.38968334629722,5.677162106247989
-68,0.03694770903776181,0.6957115896678977,0.27287307204696987,0.20380154110339324,8.554350207407376,5.60291678383079
-66,0.04701367923243382,0.6306028539417042,0.302470427648354,0.2253716084671748,8.569256997763928,5.5109177667398095
-64,0.05951484329507417,0.5607737177240983,0.33310638454376695,0.248553238171989,8.42178858643817,5.402256835848062
-62,0.07490098835688629,0.488947681848153,0.3644787002343737,0.27321883758407745,8.11537370962569,5.278446702541664
-60,0.0936419512641728,0.41815052555034277,0.3962682484560505,0.29914183992006493,7.670227182971098,5.141352833530464
-58,0.11619801888903743,0.351212320116477,0.4281530298505097,0.3259772396960197,7.119914373477704,4.993103616118406
-56,0.14297788951118354,0.2903385202682036,0.459821769878944,0.35324764575580675,6.504877703625829,4.835987768933771
-54,0.17428524866106734,0.23687789051667194,0.49098593093994636,0.3803402042362919,5.865275980058343,4.672348889626334
-52,0.21025846452903588,0.19131719382493095,0.5213892525012999,0.4065201847520151,5.235369943771721,4.504486472690532
-50,0.2508120782537887,0.1534432096410396,0.5508143140840531,0.43096583642153313,4.6405611051311855,4.334570895669815
-48,0.2955923789207594,0.12257680803693394,0.579086011295512,0.45282569814730594,4.096949186324985,4.164577263642494
-46,0.3439605258061851,0.09779884731217724,0.6060721758445734,0.47129402476244925,3.612563202357889,3.996240194813341
-44,0.39501366906764385,0.07812452244638571,0.6316818126893108,0.4856936958834069,3.1893232702437833,3.8310291195186608
-42,0.44764691703050885,0.06261589389704376,0.6558615563882733,0.4955513105622568,2.8250438877075768,3.670141772643838
-40,0.5006486315783902,0.05044149224155692,0.6785909741451827,0.5006486315783902,2.515115817274061,3.514512409392594
-38,0.5528121570723596,0.04089845013127503,0.6998772900203847,0.5010392170092153,2.2537532243188183,3.3648308251469587
-36,0.6030426188757022,0.03341180141248654,0.7197500037834861,0.49702765707372254,2.0348333654215622,3.2215683659584404
-34,0.6504397202203342,0.02752195694730241,0.7382557570680024,0.48911805530945296,1.852412564625163,3.085007590096447
-32,0.6943452461589856,0.02286751745284807,0.755453680399621,0.4779447699533142,1.7010100296380428,2.9552729039852976
-30,0.7343537313596488,0.01916754721924609,0.77141135091916,0.4642000910448976,1.5757374074334247,2.8323602049620034
-28,0.7702927860603811,0.01620537811614884,0.7862014086857324,0.44857088118439176,1.4723325730603982,2.716164221845534
-26,0.8021838085958083,0.013814766255228846,0.7998988204659755,0.43169122633783374,1.3871382286695861,2.606502798774536
-24,0.8301941775777704,0.011868538028113204,0.8125787416905328,0.4141130399158636,1.3170518525546362,2.503137798372301
-22,0.8545897859657748,0.010269528088191303,0.8243149059466593,0.39629280247783805,1.2594634920423333,2.405792609937246
-20,0.8756935460923122,0.008943480282440843,0.8351784627102367,0.37859065600171765,1.2121911196782837,2.3141664527020374
-18,0.8938524642031411,0.0078335584431438,0.8452371840536306,0.3612776309361264,1.1734189035473244,2.2279457842161228
-16,0.9094136530686984,0.006896140940252649,0.8545549665273866,0.3445472949036909,1.1416410320039843,2.146813180947095
-14,0.9227083265402206,0.0060976196831244115,0.8631915628118391,0.3285290297999686,1.1156121158426169,2.070454071297121
-12,0.9340422350469896,0.005411974692776547,0.8712024873056904,0.3133010957997084,1.0943042707050725,1.9985616859188535
-10,0.9436909076597887,0.004818941922835465,0.8786390494057182,0.2989024346406664,1.0768704938599587,1.9308405583277901
-8,0.951898240744621,0.004302631830338752,0.8855484771443348,0.28534274077773153,1.0626137203311228,1.8670088688462179
-6,0.9588772556043159,0.003850488784545964,0.891974101733645,0.27261070179241664,1.0509608649801443,1.8067998826285148
-4,0.9648121419970067,0.003452507328633682,0.8979555802849261,0.26068052300425076,1.0414411623635114,1.7499626915388988
-2,0.9698609634808502,0.0031006415522529585,0.9035291395411162,0.2495169539827945,1.033668164367564,1.6962624320631452
0,0.9741586073227078,0.002788359433376854,0.9087278279671391,0.23907906751265814,1.0273248228300127,1.645480118244483
2,0.9778197161359589,0.002510305919417356,0.9135817671178091,0.22932303463477727,1.0221511569360746,1.5974122001446622
4,0.9809414479093921,0.002262047551743032,0.9181183959868253,0.22020411280190919,1.0179340757278328,1.5518699344134292
6,0.983605985281662,0.002039878256034562,0.9223627041703805,0.21167803032177657,1.0144989909055302,1.5086786338287526
8,0.9858827629699096,0.001840671048306404,0.9263374512801739,0.20370191608555796,1.0117029127101536,1.4676768466559482
10,0.9878304118181945,0.0016617642519680543,0.9300633712218632,0.19623489257185572,1.0094287717529518,1.4287155038424852
12,0.9894984348892555,0.0015008736998098457,0.9335593608078767,0.18923842365941285,1.0075807525396918,1.3916570619086657
14,0.990928639702866,0.0013560245463987812,0.9368426527734312,0.18267648709135095,1.0060804607750944,1.356374661447326
16,0.9921563541699104,0.0012254979230310152,0.9399289736723704,0.17651562414049063,1.0048637770922315,1.322751314998131
18,0.9932114540594483,0.0011077888663544836,0.9428326873933768,0.17072490551871533,1.0038782754084004,1.2906791333623593
20,0.994119228341179,0.0010015728461916012,0.9455669251949744,0.1652758421900104,1.0030811053929711,1.2600585958769606
22,0.9949011063509854,0.000905678885264226,0.94814370323881,0.16014226186543098,1.0024372562019412,1.2307978675281825
24,0.9955752679808441,0.0008190677612744967,0.9505740286272544,0.1553001660395841,1.001918133266559,1.2028121638562184
26,0.9961571553217887,0.0007408141533074141,0.9528679949403023,0.15072757802535067,1.0015003920180279,1.1760231632227347
28,0.9966599015707597,0.0006700918720036994,0.9550348682306333,0.14640438919728482,1.0011649824121196,1.1503584650547025
30,0.9970946906387431,0.0006061615204073069,0.9570831643837977,0.14231220828177132,1.0008963663455832,1.1257510920392153
32,0.9974710588023853,0.0005483600876956222,0.9590207186895465,0.138434216814669,1.000681876832019,1.1021390338452524
34,0.9977971479253882,0.0004960920944564169,0.9608547484051213,0.13475503265725292,1.0005111933802078,1.079464829727507
36,0.9980799182226543,0.0004488219956830022,0.9625919090252206,0.13126058259169623,1.0003759126023446,1.0576751872763224
38,0.9983253272239119,0.00040606761358171454,0.9642383449086206,0.12793798441242907,1.0002691968471937,1.0367206345795434
40,0.998538480485869,0.0003673944221012781,0.9657997348495385,0.12477543851789294,1.000185486747934,1.0165552031285052
42,0.9987237586744103,0.0003324105428761526,0.9672813331236737,0.1217621287352042,1.0001202661154809,0.9971361389101858
44,0.9988849248644422,0.0003007623410571608,0.9686880064849299,0.11888813193859825,1.0000698696937067,0.9784236392648413
46,0.9990252152608492,0.00027213053153848465,0.9700242675393169,0.11614433592217438,1.0000313260042732,0.9603806132414343
48,0.9991474160087729,0.00024622672306046225,0.971294304877415,0.11352236493707774,1.0000022289125636,0.9429724633433065
50,0.9992539283170696,0.00022279034082416083,0.9725020103059644,0.11101451228728258,0.9999806326973992,0.9261668867177287
