time_ms,voltage_mV,split,predicted_mV,residual_mV
0.0,-65.0350727278,train,-65.0,-0.03507272779999937
1.0,-64.4678898141,train,-64.51202822546016,0.04413841136015151
2.0,-64.0546345317,train,-64.04785511519204,-0.0067794165079675395
3.0,-63.5987285048,train,-63.60631999464299,0.007591489842987187
4.0,-63.2350515577,train,-63.186318796026264,-0.048732761673733194
5.0,-62.779931667899994,train,-62.78680129757646,0.0068696296764656495
6.0,-62.4129463343,train,-62.40676849744809,-0.006177836851911422
7.0,-62.0567607621,train,-62.04527011569059,-0.011490646409406224
8.0,-61.7230089143,train,-61.70140221805346,-0.021606696246543322
9.0,-61.3759101889,train,-61.374304955679825,-0.0016052332201752506
10.0,-60.9835570718,train,-61.06316041503639,0.07960334323639273
11.0,-60.7514745679,train,-60.767190572703605,0.015716004803607575
12.0,-60.4960585787,train,-60.485655349911816,-0.010403228788185004
13.0,-60.2477152016,train,-60.2178507619589,-0.02986443964110208
14.0,-59.9572179737,train,-59.9631071578818,0.0058891841818038415
15.0,-59.7760535748,train,-59.7207875459803,-0.055266028819701774
16.0,-59.4638249218,train,-59.490286001006005,0.026461079206008264
17.0,-59.2727655607,train,-59.271026149033574,-0.0017394116664277703
18.0,-59.0688005356,train,-59.06245972622573,-0.006340809374265177
19.0,-58.8587229835,train,-58.86406520788805,0.005342224388051875
20.0,-58.6805104496,train,-58.67534650438561,-0.005163945214391674
21.0,-58.5596442592,train,-58.495831720660455,-0.06381253853954405
22.0,-58.3850567256,train,-58.32507197624821,-0.05998474935179132
23.0,-58.1612186178,train,-58.16264028284306,0.0014216650430540767
24.0,-58.0414158905,train,-58.0081304766046,-0.033285413895399074
25.0,-57.8727596177,train,-57.86115620253668,-0.011603415163321529
26.0,-57.7750953053,train,-57.72134994839863,-0.05374535690136639
27.0,-57.6156736159,train,-57.588362125733305,-0.027311490166695762
28.0,-57.4701566178,train,-57.461860195713754,-0.00829642208624648
29.0,-57.3099487401,train,-57.34152783762303,0.03157909752303567
30.0,-57.2048587256,train,-57.22706415788758,0.02220543228758487
31.0,-57.0959891952,train,-57.1181829376866,0.022193742486599888
32.0,-57.0301120456,train,-57.01461191725588,-0.015500128344122288
33.0,-56.9492461454,train,-56.91609211509661,-0.03315403030338615
34.0,-56.7774376837,train,-56.822377180386724,0.044939496686723146
35.0,-56.7004259297,train,-56.73323277697553,0.03280684727552341
36.0,-56.6452960758,train,-56.648435997421224,0.003139921621226449
37.0,-56.628002803,train,-56.56777480560628,-0.06022799739372431
38.0,-56.4344059294,train,-56.4910475065366,0.05664157713660245
39.0,-56.3288844639,train,-56.41806224199905,0.08917777809904948
40.0,-56.3721320645,train,-56.34863651081598,-0.023495553684021786
41.0,-56.2866156854,train,-56.28259671249715,-0.004018972902848361
42.0,-56.2279572951,train,-56.2197777131482,-0.008179581951800685
43.0,-56.1532880366,train,-56.16002243254978,0.0067343959497776495
44.0,-56.0821297787,train,-56.10318145137527,0.021051672675270083
45.0,-56.1218965526,train,-56.04911263756458,-0.0727839150354157
46.0,-55.962451639,train,-55.99768079092001,0.03522915192000653
47.0,-55.9791184753,train,-55.94875730503528,-0.03036117026471885
48.0,-55.9356701601,train,-55.90221984571258,-0.033450314387422964
49.0,-55.8680674009,train,-55.85795204506332,-0.010115355836681772
50.0,-55.8233142798,train,-55.81584321052782,-0.007471069272185105
51.0,-55.7849163425,train,-55.77578804808621,-0.009128294413784488
52.0,-55.7083856524,train,-55.737686398968606,0.029300746568608815
53.0,-55.6926998504,train,-55.70144298920593,0.008743138805932915
54.0,-55.7147397779,train,-55.66696719139544,-0.04777258650455707
55.0,-55.5589000242,train,-55.63417279808497,0.07527277388496856
56.0,-55.6114873321,train,-55.602977806209395,-0.008509525890602276
57.0,-55.5866469302,train,-55.573304212040284,-0.013342718159712774
58.0,-55.5565052224,train,-55.545077816135944,-0.011427406264054696
59.0,-55.5283915346,train,-55.51822803780412,-0.010163496795875915
60.0,-55.4532043031,train,-55.49268773861357,0.039483435513567144
61.0,-55.4852550715,train,-55.46839305451297,-0.016862016987026607
62.0,-55.4447396591,train,-55.44528323613753,0.0005435770375257221
63.0,-55.4562290449,train,-55.423300496903934,-0.032928547996064594
64.0,-55.3597613694,train,-55.40238986851382,0.0426284991138246
65.0,-55.3779423108,train,-55.38249906350434,0.004556752704338862
66.0,-55.3798011939,train,-55.36357834450232,-0.016222849397678374
67.0,-55.3757026347,train,-55.34558039985489,-0.03012223484510912
68.0,-55.3175228931,train,-55.32846022532571,0.01093733222571558
69.0,-55.2604104831,train,-55.312175011560974,0.05176452846097135
70.0,-55.3240970933,train,-55.296684037043676,-0.02741305625632151
71.0,-55.2469476589,train,-55.281948566268625,0.0350009073686266
72.0,-55.2393061816,train,-55.26793175288353,0.02862557128352705
73.0,-55.2885282727,train,-55.25459854755389,-0.033929725146109035
74.0,-55.2048685425,train,-55.24191561032143,0.03704706782142608
75.0,-55.193845884,train,-55.229851227236814,0.036005343236816145
76.0,-55.1646834505,train,-55.21837523105828,0.05369178055828172
77.0,-55.222837774,train,-55.207458925817804,-0.015378848182194815
78.0,-55.2083811754,train,-55.197075015066225,-0.011306160333774073
79.0,-55.2047825309,train,-55.18719753361794,-0.017584997282057202
80.0,-55.1391824439,test,-55.17780178262437,0.03861933872437362
81.0,-55.1471297929,test,-55.168864267814,0.02173447491399827
82.0,-55.1201390683,test,-55.16036264074447,0.04022357244446795
83.0,-55.1175885301,test,-55.1522756429198,0.034687112819796084
84.0,-55.144120329,test,-55.1445830526331,0.00046272363309896036
85.0,-55.1100891536,test,-55.137265634401764,0.027176480801763603
86.0,-55.1274295512,test,-55.13030509086874,0.0028755396687358825
87.0,-55.08549913,test,-55.123684017049605,0.03818488704960288
88.0,-55.1353657819,test,-55.117385856811055,-0.017979925088944526
89.0,-55.1380861096,test,-55.11139486147193,-0.026691248128074108
90.0,-55.1452258209,test,-55.1056960504233,-0.039529770476704584
91.0,-55.1025510168,test,-55.100275173669175,-0.0022758431308247395
92.0,-55.1414815348,test,-55.09511867619406,-0.046362858605938584
93.0,-55.1464799635,test,-55.09021366406837,-0.056266299431626976
94.0,-55.096755513,test,-55.08554787220688,-0.01120764079311698
95.0,-55.0835584056,test,-55.08110963369963,-0.0024487719003687403
96.0,-55.0409454521,test,-55.07688785063859,0.03594239853859449
97.0,-55.1014737548,test,-55.07287196636707,-0.02860178843292971
98.0,-55.0540194297,test,-55.0690519390826,0.015032509382599812
99.0,-55.031474922,test,-55.065418216727224,0.033943294727222906
100.0,-54.9771666674,test,-55.06196171310232,0.08479504570232166
101.0,-55.0360877145,test,-55.05867378514843,0.022586070648429768
102.0,-55.0631839255,test,-55.05554621133304,-0.007637714166961018
103.0,-55.0084740563,test,-55.052571171092545,0.04409711479254241
104.0,-55.0808735855,test,-55.04974122527671,-0.031132360223288913
105.0,-55.0204915709,test,-55.04704929754695,0.02655772664694922
106.0,-55.1280226103,test,-55.04448865668177,-0.0835339536182289
107.0,-55.0740146921,test,-55.04205289974523,-0.031961792354771035
108.0,-55.1001462625,test,-55.03973593607627,-0.06041032642372812
109.0,-55.034043572,test,-55.03753197205885,0.003488400058849095
110.0,-55.0685880223,test,-55.03543549663494,-0.03315252566505933
111.0,-55.0394086433,test,-55.03344126752397,-0.005967375776030792
112.0,-55.0306538583,test,-55.031544298114426,0.0008904398144267134
113.0,-55.0490779901,test,-55.02973984499469,-0.01933814510531562
114.0,-55.0222029707,test,-55.02802339609206,0.005820425392059292
115.0,-55.008316918,test,-55.02639065939023,0.0180737413902321
116.0,-55.0695345217,test,-55.024837552196985,-0.04469696950301483
117.0,-55.0320312846,test,-55.023360190935364,-0.008671093664638363
118.0,-55.0262402399,test,-55.0219548814327,-0.004285358467299716
119.0,-55.0229583139,test,-55.02061810968323,-0.002340204216771724
120.0,-55.0358802286,test,-55.019346533061295,-0.016533695538704762
