time,voltage,split
0,-65.0350727278,train
1,-64.4678898141,train
2,-64.0546345317,train
3,-63.5987285048,train
4,-63.2350515577,train
5,-62.7799316679,train
6,-62.4129463343,train
7,-62.0567607621,train
8,-61.7230089143,train
9,-61.3759101889,train
10,-60.9835570718,train
11,-60.7514745679,train
12,-60.4960585787,train
13,-60.2477152016,train
14,-59.9572179737,train
15,-59.7760535748,train
16,-59.4638249218,train
17,-59.2727655607,train
18,-59.0688005356,train
19,-58.8587229835,train
20,-58.6805104496,train
21,-58.5596442592,train
22,-58.3850567256,train
23,-58.1612186178,train
24,-58.0414158905,train
25,-57.8727596177,train
26,-57.7750953053,train
27,-57.6156736159,train
28,-57.4701566178,train
29,-57.3099487401,train
30,-57.2048587256,train
31,-57.0959891952,train
32,-57.0301120456,train
33,-56.9492461454,train
34,-56.7774376837,train
35,-56.7004259297,train
36,-56.6452960758,train
37,-56.6280028030,train
38,-56.4344059294,train
39,-56.3288844639,train
40,-56.3721320645,train
41,-56.2866156854,train
42,-56.2279572951,train
43,-56.1532880366,train
44,-56.0821297787,train
45,-56.1218965526,train
46,-55.9624516390,train
47,-55.9791184753,train
48,-55.9356701601,train
49,-55.8680674009,train
50,-55.8233142798,train
51,-55.7849163425,train
52,-55.7083856524,train
53,-55.6926998504,train
54,-55.7147397779,train
55,-55.5589000242,train
56,-55.6114873321,train
57,-55.5866469302,train
58,-55.5565052224,train
59,-55.5283915346,train
60,-55.4532043031,train
61,-55.4852550715,train
62,-55.4447396591,train
63,-55.4562290449,train
64,-55.3597613694,train
65,-55.3779423108,train
66,-55.3798011939,train
67,-55.3757026347,train
68,-55.3175228931,train
69,-55.2604104831,train
70,-55.3240970933,train
71,-55.2469476589,train
72,-55.2393061816,train
73,-55.2885282727,train
74,-55.2048685425,train
75,-55.1938458840,train
76,-55.1646834505,train
77,-55.2228377740,train
78,-55.2083811754,train
79,-55.2047825309,train
80,-55.1391824439,test
81,-55.1471297929,test
82,-55.1201390683,test
83,-55.1175885301,test
84,-55.1441203290,test
85,-55.1100891536,test
86,-55.1274295512,test
87,-55.0854991300,test
88,-55.1353657819,test
89,-55.1380861096,test
90,-55.1452258209,test
91,-55.1025510168,test
92,-55.1414815348,test
93,-55.1464799635,test
94,-55.0967555130,test
95,-55.0835584056,test
96,-55.0409454521,test
97,-55.1014737548,test
98,-55.0540194297,test
99,-55.0314749220,test
100,-54.9771666674,test
101,-55.0360877145,test
102,-55.0631839255,test
103,-55.0084740563,test
104,-55.0808735855,test
105,-55.0204915709,test
106,-55.1280226103,test
107,-55.0740146921,test
108,-55.1001462625,test
109,-55.0340435720,test
110,-55.0685880223,test
111,-55.0394086433,test
112,-55.0306538583,test
113,-55.0490779901,test
114,-55.0222029707,test
115,-55.0083169180,test
116,-55.0695345217,test
117,-55.0320312846,test
118,-55.0262402399,test
119,-55.0229583139,test
120,-55.0358802286,test
