step,input_1_weight,input_2_weight,total_weight
0,0.5145631067961165,0.4854368932038835,1.0
1,0.5137387799963363,0.4862612200036637,1.0
2,0.5279017281517828,0.4720982718482171,1.0
3,0.5263223850488518,0.4736776149511482,1.0
4,0.5248324387253318,0.475167561274668,0.9999999999999998
5,0.5386722706071184,0.4613277293928817,1.0
6,0.5521090005894352,0.44789099941056465,0.9999999999999999
7,0.5521090005894354,0.4478909994105647,1.0
8,0.5651543695043062,0.43484563049569386,1.0
9,0.5614663863248172,0.43853361367518284,1.0
10,0.5742392100240944,0.42576078997590566,1.0
11,0.5866400097321305,0.41335999026786957,1.0
12,0.5986796210991558,0.4013203789008442,1.0
13,0.6103685641739377,0.38963143582606236,1.0
14,0.621717052596056,0.378282947403944,1.0
15,0.6327350025204428,0.3672649974795573,1.0
16,0.6434320412819832,0.3565679587180167,0.9999999999999999
17,0.6538175158077508,0.3461824841922493,1.0
18,0.6538175158077508,0.3461824841922493,1.0
19,0.663900500784224,0.3360994992157759,1.0
20,0.6546231139473812,0.34537688605261874,0.9999999999999999
21,0.6458708622145105,0.3541291377854894,0.9999999999999999
22,0.6458708622145106,0.35412913778548943,1.0
23,0.6458708622145106,0.35412913778548943,1.0
24,0.6561853031208841,0.3438146968791159,1.0
25,0.6473446255857397,0.3526553744142603,1.0
26,0.6576161413453784,0.3423838586546217,1.0
27,0.6675884867430858,0.33241151325691426,1.0
28,0.6581023459840432,0.3418976540159568,1.0
29,0.64915315658872,0.3508468434112799,0.9999999999999999
30,0.6491531565887201,0.35084684341128,1.0
31,0.6491531565887201,0.35084684341128,1.0
32,0.6593719966880778,0.3406280033119223,1.0
33,0.6692932006680367,0.33070679933196334,1.0
34,0.6789254375417831,0.3210745624582168,1.0
35,0.6882771238269739,0.311722876173026,1.0
36,0.6882771238269739,0.311722876173026,1.0
37,0.6973564308999747,0.30264356910002527,1.0
38,0.6973564308999747,0.30264356910002527,1.0
39,0.6861853121697874,0.3138146878302125,0.9999999999999999
40,0.6953255457959102,0.30467445420408984,1.0
41,0.7041995590251555,0.2958004409748445,1.0
42,0.7128151058496656,0.28718489415033444,1.0
43,0.721179714417151,0.27882028558284894,1.0
44,0.7293006936088845,0.27069930639111545,1.0
45,0.7371851394261014,0.26281486057389847,0.9999999999999999
46,0.7448399411903899,0.25516005880961024,1.0
47,0.7309810765947075,0.2690189234052927,1.0000000000000002
48,0.7309810765947073,0.26901892340529265,1.0
49,0.7388165792181625,0.26118342078183754,1.0
50,0.7464238633186043,0.25357613668139567,1.0
51,0.7538095760374799,0.24619042396252006,1.0
52,0.7609801709101747,0.2390198290898253,1.0
53,0.7679419135050239,0.23205808649497603,1.0
54,0.7747008868980815,0.22529911310191847,1.0
55,0.7812629969884286,0.2187370030115713,0.9999999999999999
56,0.7585077640664357,0.24149223593356442,1.0000000000000002
57,0.7655415185111025,0.23445848148889745,1.0
58,0.7723704063214588,0.22762959367854121,1.0
59,0.7569532135108102,0.24304678648918981,1.0
60,0.7424086919913304,0.2575913080086696,1.0
61,0.7499113514478936,0.2500886485521064,1.0
62,0.7280692732503823,0.2719307267496179,1.0000000000000002
63,0.7359895856799826,0.2640104143200173,1.0
64,0.7359895856799826,0.2640104143200173,1.0
65,0.7436792093980414,0.25632079060195856,1.0
66,0.7511448634932442,0.24885513650675586,1.0
67,0.7583930713526642,0.2416069286473358,1.0
68,0.7583930713526642,0.2416069286473358,1.0
69,0.7654301663618099,0.2345698336381901,1.0
70,0.7722622974386504,0.2277377025613496,1.0
71,0.7788954344064567,0.2211045655935433,1.0
72,0.7853353732101521,0.21466462678984785,1.0
73,0.7915877409807303,0.20841225901926974,1.0
74,0.7750827745101229,0.2249172254898771,1.0
75,0.7816337616603135,0.21836623833968652,1.0
76,0.7588677297672947,0.24113227023270536,1.0
77,0.7658909997740725,0.23410900022592754,1.0
78,0.772709708518517,0.22729029148148305,1.0
79,0.7793298140956475,0.22067018590435247,1.0
80,0.7793298140956475,0.22067018590435247,1.0
81,0.7857571010637354,0.21424289893626453,1.0
82,0.7857571010637354,0.21424289893626453,1.0
83,0.7695821708148447,0.2304178291851552,0.9999999999999999
84,0.7762933697231503,0.22370663027684973,1.0
85,0.7828090968185926,0.2171909031814075,1.0
86,0.7891350454549443,0.2108649545450558,1.0
87,0.7727689108065512,0.22723108919344887,1.0
88,0.7793872920451953,0.22061270795480473,1.0
89,0.7858129048982478,0.21418709510175216,1.0
90,0.7920513639788814,0.2079486360211186,1.0
91,0.7981081203678461,0.20189187963215396,1.0
92,0.7748622527843165,0.22513774721568344,1.0
93,0.7814196628973947,0.21858033710260527,1.0
94,0.7877860804829075,0.21221391951709248,1.0
95,0.7714963023423655,0.2285036976576344,1.0
96,0.7781517498469569,0.2218482501530431,1.0
97,0.7846133493659776,0.21538665063402243,1.0
98,0.7846133493659776,0.21538665063402243,1.0
99,0.7908867469572598,0.20911325304274023,1.0
100,0.7744214593936413,0.22557854060635868,1.0
101,0.7588881692392841,0.24111183076071568,0.9999999999999998
102,0.7442341219238531,0.25576587807614687,1.0
103,0.7516836135183039,0.248316386481696,0.9999999999999999
104,0.7589161296294213,0.24108387037057863,1.0
105,0.765937989931477,0.23406201006852292,0.9999999999999999
106,0.7508848961617708,0.24911510383822916,1.0
107,0.7581406758852144,0.24185932411478558,1.0
108,0.7581406758852144,0.24185932411478558,1.0
109,0.7651851222186548,0.23481487778134522,1.0
110,0.7651851222186548,0.23481487778134522,1.0
111,0.7651851222186548,0.23481487778134522,1.0
112,0.7720243905035483,0.22797560949645165,1.0
113,0.7566267834939135,0.24337321650608645,1.0
114,0.7637153237804986,0.23628467621950142,1.0
115,0.7705974017286393,0.22940259827136059,0.9999999999999999
116,0.7772790308045042,0.22272096919549572,1.0
117,0.7772790308045042,0.22272096919549572,1.0
118,0.7837660493247613,0.21623395067523857,0.9999999999999999
119,0.7900641255580207,0.2099358744419792,1.0
120,0.79617876267769,0.2038212373223099,1.0
121,0.8021153035705729,0.19788469642942708,1.0
122,0.8078789355054106,0.19212106449458938,1.0
123,0.8134746946654472,0.18652530533455278,1.0
124,0.8189074705489778,0.1810925294510221,1.0
125,0.8241820102417261,0.1758179897582739,1.0
126,0.8293029225647827,0.17069707743521736,1.0
127,0.8342746821017307,0.16572531789826928,1.0
128,0.8391016331084764,0.16089836689152356,1.0
129,0.8391016331084764,0.16089836689152356,1.0
130,0.8437879933092004,0.15621200669079957,1.0
131,0.848337857581748,0.15166214241825202,1.0
132,0.8527552015356776,0.14724479846432234,1.0
133,0.8570438849860947,0.14295611501390518,0.9999999999999999
134,0.8612076553263056,0.13879234467369433,1.0
135,0.8407619389870807,0.15923806101291918,0.9999999999999999
136,0.845399940764156,0.15460005923584386,0.9999999999999999
137,0.8453999407641561,0.15460005923584388,1.0
138,0.8499028551108312,0.1500971448891688,1.0
139,0.8300970331234256,0.16990296687657433,1.0
140,0.8300970331234256,0.16990296687657433,1.0
141,0.8059194496343938,0.19408055036560615,0.9999999999999999
142,0.7886032543720696,0.21139674562793032,0.9999999999999999
143,0.7947604411379318,0.2052395588620683,1.0
144,0.8007382923669241,0.19926170763307602,1.0
145,0.7837153701574755,0.21628462984252453,1.0
146,0.7900149224829859,0.2099850775170141,1.0
147,0.7900149224829859,0.2099850775170141,1.0
148,0.773598983474515,0.22640101652548497,0.9999999999999999
149,0.7801931878393349,0.21980681216066503,0.9999999999999999
150,0.7865953279993543,0.21340467200064564,0.9999999999999999
151,0.7865953279993544,0.21340467200064567,1.0
152,0.7928109980576257,0.20718900194237444,1.0
153,0.7762367906204015,0.2237632093795985,1.0
154,0.7827541656508753,0.21724583434912476,1.0
155,0.7667492128781842,0.2332507871218158,1.0
156,0.7444167115322177,0.25558328846778233,1.0
157,0.7444167115322177,0.25558328846778233,1.0
158,0.7518608849827356,0.2481391150172644,1.0
159,0.7376046084742789,0.2623953915257211,1.0
160,0.7452471926934746,0.25475280730652533,1.0
161,0.7526671773723055,0.2473328226276945,1.0
162,0.7598710459925296,0.24012895400747036,1.0
163,0.7598710459925296,0.24012895400747036,1.0
164,0.7668650931966308,0.2331349068033693,1.0
165,0.773655430287991,0.226344569712009,1.0
166,0.780247990570865,0.21975200942913495,1.0
167,0.764384896764967,0.23561510323503296,1.0
168,0.7712474725873466,0.22875252741265334,1.0
169,0.7779101675605307,0.22208983243946925,0.9999999999999999
170,0.755252589864593,0.2447474101354071,1.0
171,0.7408043300609367,0.2591956699390633,1.0
172,0.7483537185057638,0.2516462814942362,1.0
173,0.7556832218502562,0.24431677814974387,1.0
174,0.7627992445148118,0.2372007554851882,1.0
175,0.7697080043833124,0.23029199561668756,1.0
176,0.7764155382362257,0.22358446176377433,1.0
177,0.7829277070254618,0.21707229297453817,1.0
178,0.7829277070254618,0.21707229297453817,1.0
179,0.7829277070254618,0.21707229297453817,1.0
180,0.789250200995594,0.210749799004406,1.0
181,0.7728775481090508,0.22712245189094904,0.9999999999999999
182,0.7574316491594819,0.24256835084051798,0.9999999999999999
183,0.7644967467567787,0.23550325324322138,1.0
184,0.7713560648124065,0.22864393518759357,1.0
185,0.778015596905249,0.22198440309475104,1.0
186,0.755354948451698,0.24464505154830193,1.0
187,0.7409008947657528,0.2590991052342471,1.0
188,0.748447470646362,0.251552529353638,1.0
189,0.7557742433459825,0.24422575665401744,1.0
190,0.7628876148990121,0.2371123851009878,1.0
191,0.7628876148990121,0.2371123851009878,1.0
192,0.7480071838669926,0.25199281613300734,1.0
193,0.7553467804533909,0.24465321954660907,1.0
194,0.7553467804533909,0.24465321954660907,1.0
195,0.7624726023819329,0.23752739761806704,1.0
196,0.747615662624465,0.25238433737553495,1.0
197,0.754966662742199,0.2450333372578009,1.0
198,0.7621035560603874,0.23789644393961254,0.9999999999999999
199,0.7690325786994052,0.2309674213005947,0.9999999999999999
200,0.7757597851450536,0.2242402148549463,0.9999999999999999
201,0.7822910535388871,0.2177089464611129,1.0
202,0.7886320908144535,0.21136790918554652,1.0
203,0.7947884376839355,0.20521156231606458,1.0
204,0.800765473479549,0.19923452652045104,1.0
205,0.806568420853931,0.19343157914606895,1.0
206,0.8122023503436223,0.18779764965637763,1.0
207,0.8176721847996333,0.18232781520036662,1.0
208,0.8229827036889644,0.17701729631103555,1.0
209,0.8229827036889644,0.17701729631103555,1.0
210,0.8281385472708392,0.17186145272916073,1.0
211,0.8331442206513002,0.16685577934869975,1.0
212,0.838004097719709,0.161995902280291,1.0
213,0.838004097719709,0.161995902280291,1.0
214,0.838004097719709,0.161995902280291,1.0
215,0.8188717903016122,0.18112820969838775,0.9999999999999999
216,0.8241473692248662,0.17585263077513374,1.0
217,0.8292692905095789,0.1707307094904211,1.0
218,0.8342420296209504,0.1657579703790496,1.0
219,0.8390699316708257,0.16093006832917436,1.0
220,0.8437572152143938,0.1562427847856062,1.0
221,0.8483079759363047,0.15169202406369534,1.0
222,0.8527261902294221,0.147273809770578,1.0
223,0.8570157186693418,0.14298428133065824,1.0
224,0.8368072817635299,0.16319271823647002,1.0
225,0.8415604677315824,0.1584395322684175,1.0
226,0.8415604677315824,0.1584395322684175,1.0
227,0.8461752113898858,0.1538247886101141,0.9999999999999999
228,0.8506555450387241,0.1493444549612758,0.9999999999999999
229,0.855005383532742,0.1449946164672581,1.0
230,0.8349107391818321,0.165089260818168,1.0
231,0.8159535275300303,0.1840464724699698,1.0
232,0.8213141043980876,0.17868589560191242,1.0
233,0.7973923343670754,0.20260766563292468,1.0
234,0.8032935285117236,0.19670647148827639,1.0
235,0.8032935285117236,0.19670647148827639,1.0
236,0.8090228432152656,0.19097715678473434,1.0
237,0.8145852846750152,0.1854147153249848,1.0
238,0.8199857132767138,0.1800142867232862,1.0
239,0.8199857132767138,0.1800142867232862,1.0
240,0.8199857132767138,0.1800142867232862,1.0
241,0.801873314411994,0.19812668558800584,0.9999999999999999
242,0.8076439945747517,0.19235600542524842,1.0
243,0.8132465966745162,0.1867534033254839,1.0
244,0.8132465966745162,0.1867534033254839,1.0
245,0.8132465966745162,0.1867534033254839,1.0
246,0.8186860161888506,0.1813139838111494,1.0
247,0.8239670060085929,0.17603299399140718,1.0
248,0.8290941805908668,0.1709058194091332,1.0
249,0.8049458063988998,0.19505419360110018,1.0
