step,target,immediate,delayed
0,0.0,0.004676363706924258,0.004676363706924258
1,0.0,-0.00264713619689993,-0.001711863455515078
2,0.0,-0.0010182818272970002,-0.0007059635994306196
3,0.0,-0.0018262985453453727,-0.0017488685057250298
4,0.0,0.005087461274623137,0.004791888601212373
5,0.0,0.002484401181644365,0.003235878030499304
6,0.0,0.0023742978280955214,0.0035475072283938395
7,0.0,0.0029793237964024816,0.0035747990809052205
8,0.0,0.00472665385195211,0.0062008190583880875
9,0.0,0.003259147385262885,0.005672419561331811
10,0.0,-0.008618533537949388,-0.00544498540128977
11,0.0,-0.008436111592067533,-0.00826200269690623
12,0.0,-0.0048463157399712435,-0.007024015658839438
13,0.0,0.00024190351735286185,-0.0033967910033015293
14,0.0,-0.0009820094349925635,-0.004923413616291988
15,0.0,0.006297666380452983,0.0013138369186073695
16,0.0,0.0004797372176321632,-0.0038806599342046545
17,0.0,0.00015131488282707153,-0.002588098030041678
18,0.0,0.0005197788373960046,-0.00026302926823921005
19,0.0,-0.000794454948025684,9.776656149711329e-06
20,1.0,0.1996726865862155,0.20091696224102853
21,1.0,0.3478064496939169,0.3898455178237501
22,1.0,0.4509772999398842,0.558110983811796
23,1.0,0.5149975664931418,0.7023894739526801
24,1.0,0.564428132727647,0.8365979823458682
25,1.0,0.5961279127833731,0.9540190098389494
26,1.0,0.6239265222735214,1.0652521368489847
27,1.0,0.6398513668478818,1.1216463319722974
28,1.0,0.6484542205749493,1.1320708589917496
29,1.0,0.6491507356195872,1.1024743575473381
30,1.0,0.6508797981556085,1.0482233102239655
31,1.0,0.6520837863042788,0.972549310327748
32,1.0,0.6579448991700853,0.8859768260842734
33,1.0,0.6643943706409662,0.7881616573279556
34,1.0,0.6584897185330069,0.6784298842850311
35,1.0,0.6559676690012592,0.5791975900863324
36,1.0,0.6581516607847409,0.499757252052091
37,1.0,0.6681236478665786,0.44755435011934874
38,1.0,0.6595158517930902,0.40011835132834944
39,1.0,0.649146929324702,0.3703969840481986
40,1.0,0.6569067481514679,0.3782288518019641
41,1.0,0.6597369436421674,0.4046222097009014
42,1.0,0.6622682622189274,0.44877287238295505
43,1.0,0.6620473113955755,0.5024036625765677
44,1.0,0.6599795439892695,0.5591988523074077
45,1.0,0.6710395883955189,0.6323092044140274
46,1.0,0.6643761387770666,0.6896473140631882
47,1.0,0.6684535442247063,0.7484270593772363
48,1.0,0.671716231248451,0.7964586617904891
49,1.0,0.6708855666613586,0.827742425922292
50,1.0,0.6699484691350249,0.8448160232868231
51,1.0,0.6695105527226947,0.8490412748248365
52,1.0,0.664077369611044,0.8330952891647051
53,1.0,0.6630125213717958,0.8100146600796618
54,1.0,0.669800051698093,0.7850190689340842
55,1.0,0.6581428911453173,0.7365082846392302
56,1.0,0.6611515845757572,0.6977605317648838
57,1.0,0.6638999387337339,0.6601151034617346
58,1.0,0.6655663600310111,0.6251317410679913
59,1.0,0.6665623820423545,0.5966654391488979
60,1.0,0.6606381500170292,0.5690404458054568
61,1.0,0.6640021486840592,0.5566880311102329
62,1.0,0.6640345221017692,0.5529505890942912
63,1.0,0.6685185356413216,0.5617977940019685
64,1.0,0.661581552232173,0.5672135711926726
65,1.0,0.6618004508873461,0.584159230184632
66,1.0,0.664722918273919,0.6078728219891659
67,1.0,0.6686205886133088,0.6365919964507234
68,1.0,0.6658731044927766,0.659433883047065
69,1.0,0.6585050557223914,0.6752942595009481
70,1.0,0.6639033068830096,0.6983550426277952
71,1.0,0.6593591498012976,0.7097036591096721
72,1.0,0.6570272658152102,0.7173773081160804
73,1.0,0.6637346840524891,0.7278806108884811
74,1.0,0.6589653825422657,0.7221252542150117
75,1.0,0.6557648911757309,0.7125150755802426
76,1.0,0.6511655214142886,0.6983348137133057
77,1.0,0.6571545862713803,0.6901690450977944
78,1.0,0.6608031518439202,0.6800063502200346
79,1.0,0.6641936080401358,0.6701616553242067
80,1.0,0.6590723329668496,0.6517061749528444
81,1.0,0.6577381059429956,0.6384979794807585
82,1.0,0.6543383160590515,0.6260668083155886
83,1.0,0.6526960699453411,0.6184524134453737
84,1.0,0.6561091904062641,0.6177953045258028
85,1.0,0.6549360085556364,0.6156740793004671
86,1.0,0.6573544007956993,0.618973535112333
87,1.0,0.6543388811138652,0.6209257471674064
88,1.0,0.6597162011593214,0.6328125609341297
89,1.0,0.6646413994625275,0.6471580018286017
90,1.0,0.6698004270308611,0.6633031663637586
91,1.0,0.668444161985108,0.6729976518857275
92,1.0,0.6733726703700502,0.6880248278175359
93,1.0,0.6781427284851675,0.7022094972394481
94,1.0,0.6754736088653063,0.7085770970077111
95,1.0,0.6724370533535148,0.7107624022679144
96,1.0,0.6651923348998178,0.7047409592277601
97,1.0,0.6687266316733743,0.7046982272757343
98,1.0,0.6653824553642743,0.6969026873639277
99,1.0,0.6605198297777835,0.6843595640868192
100,1.0,0.6503355071622251,0.6634533345480244
101,1.0,0.6515007723540923,0.6516584990322144
102,1.0,0.6563460686216941,0.6446356966492396
103,1.0,0.6528395825790813,0.632621269682659
104,1.0,0.6604154333112421,0.6318472227651315
105,1.0,0.6580263215789469,0.6250174812769103
106,1.0,0.6710326479321718,0.6360580431587644
107,1.0,0.6732606111710381,0.6432993295518009
108,1.0,0.6786131548931167,0.655968423863568
109,1.0,0.6738399451093773,0.6602551788315588
110,1.0,0.6753840026339343,0.6714014480692413
111,1.0,0.6728400112955307,0.6779630681610677
112,1.0,0.6701447040635904,0.6843199612462978
113,1.0,0.670955002485246,0.6905300661306478
114,1.0,0.6681676105619072,0.6913163024294579
115,1.0,0.6645825420608457,0.687856202081309
116,1.0,0.6704423093460589,0.6922540760103334
117,1.0,0.6697405889386309,0.6891793511918414
118,1.0,0.6686645178211137,0.6845149080045159
119,1.0,0.6676518169711936,0.6787860794512187
120,1.0,0.6688352994624166,0.6742804858625483
121,1.0,0.6678671322823918,0.6682715994491021
122,1.0,0.6776036389396994,0.6739698454299552
123,1.0,0.676876569610836,0.6706760680379393
124,1.0,0.6729787131993575,0.6649377054675495
125,1.0,0.6729459655087765,0.6634018195891175
126,1.0,0.6736606782972053,0.6639029241810237
127,1.0,0.6740559041422697,0.6651499639246377
128,1.0,0.6703482271821919,0.6634897419249567
129,1.0,0.6745537515897209,0.6676567912086565
130,1.0,0.6748383581206795,0.6694066304880778
131,1.0,0.6703442282079755,0.66743580386926
132,1.0,0.6659087699302327,0.6646796697491605
133,1.0,0.6615340060247795,0.6608289850116562
134,1.0,0.6625132612101087,0.6611555507183261
135,1.0,0.657823280795984,0.65640604521041
136,1.0,0.657015946730739,0.653773732621188
137,1.0,0.6609310555195671,0.6555349260695034
138,1.0,0.6658698221944875,0.6597123560194916
139,1.0,0.6714623831067283,0.6661586940382973
140,1.0,0.68141908699172,0.6787724464491465
141,1.0,0.6792364874955082,0.680907218261871
142,1.0,0.6711999758875845,0.6772697220343306
143,1.0,0.6693081507642077,0.6782561709495584
144,1.0,0.6642699092884135,0.6750777723941699
145,1.0,0.6588042715688529,0.6694428590178181
146,1.0,0.6632092866030793,0.671313130813259
147,1.0,0.6706959966479983,0.6748768244679466
148,1.0,0.6697606998103552,0.6714812005255343
149,1.0,0.6688886176337713,0.6689352638326374
150,1.0,0.6644438546096475,0.6626123255254696
151,1.0,0.6632870199404731,0.6595118602078086
152,1.0,0.6624166173274931,0.6577878057526261
153,1.0,0.664484723524999,0.6585394904104654
154,1.0,0.660737352504529,0.6533082225128592
155,1.0,0.6530380130292447,0.6442030264325408
156,1.0,0.6628069870779689,0.6516760489802569
157,1.0,0.6623542506734407,0.6523753386959997
158,1.0,0.6663519375504147,0.6579393948638442
159,1.0,0.6745234373685451,0.6686649753101894
160,1.0,0.6702332591539081,0.6681574326930039
161,1.0,0.677287286156495,0.678804049669891
162,1.0,0.6817105612067921,0.6896925003136394
163,1.0,0.6674412548508085,0.6806319024922782
164,1.0,0.6643120819280907,0.6791968480363751
165,1.0,0.6678561588912492,0.6825269858015545
166,1.0,0.6669396820030112,0.6799816629384978
167,1.0,0.6647168308826507,0.6762110635865901
168,1.0,0.6632453515390776,0.670772717215175
169,1.0,0.661500000568836,0.6629851999224113
170,1.0,0.661176249776006,0.6586865488095353
171,1.0,0.6589307779895811,0.6530859274676836
172,1.0,0.6662558274086913,0.6562762203765888
173,1.0,0.6625582159085537,0.6508314024737003
174,1.0,0.6642616334397081,0.6509769318127328
175,1.0,0.6668187126291422,0.653560264409771
176,1.0,0.6617342009942443,0.6505683001381565
177,1.0,0.6608531222361208,0.6514133419025835
178,1.0,0.6664606282213669,0.6595182648748706
179,1.0,0.6731865471587747,0.6689753017158836
180,1.0,0.6769660117046058,0.6776469197430187
181,1.0,0.6790604608340396,0.6848710940469859
182,1.0,0.6691408658759306,0.6794704750524359
183,1.0,0.6644377412040144,0.677448902610424
184,1.0,0.6643162173197533,0.6786311424458082
185,1.0,0.665336248712454,0.67917927181488
186,1.0,0.6655273729973961,0.6772582831888936
187,1.0,0.6564370590775513,0.6645709689007745
188,1.0,0.6578299436722327,0.6594636555192467
189,1.0,0.6554960330839266,0.6526382674701985
190,1.0,0.6564488816742803,0.6494863187166255
191,1.0,0.6587963559144399,0.6480935970982449
192,1.0,0.663970150603719,0.6502610844890554
193,1.0,0.6569748702206937,0.6419790842004615
194,1.0,0.6585564207874003,0.6435409936331751
195,1.0,0.6564204636454855,0.6427251322603135
196,1.0,0.6554039739936824,0.6438346149820849
197,1.0,0.6598793414800295,0.650650449425003
198,1.0,0.6539525307322822,0.6480036767591153
199,1.0,0.6512273385580546,0.6466116592308498
