sample,observed,activity,structure,history,split
0,0.6846846550867094,-0.20953271830578352,0.7871132785218303,0.7475888657493128,train
1,0.6339757630006251,0.20328025717856424,0.7135676737205449,0.630998954074429,train
2,0.7623723876434801,0.23700743175833372,0.9276919626107667,0.8566918604334828,train
3,1.45709752004502,0.38280478790815287,1.5101909492447625,1.4348456479065328,train
4,0.9806883340220648,0.42663284256381423,0.9964187536993173,0.9749572067598947,train
5,1.0622267745166785,0.21465137967728437,1.0633343732104412,1.090872297534348,train
6,1.2899177198307372,0.6042499996733048,1.3045169357047235,1.320082881596961,train
7,0.7513233364886757,0.26695415549610174,0.6420870447096197,0.7549097818969156,train
8,0.9806341648478479,0.489222835734858,1.0649375432260115,1.1697103179167918,train
9,1.3256071100525817,0.5247630355098417,1.0856808095113304,1.2289698113687353,train
10,1.5844978096810454,0.8249571279346437,1.486026985803305,1.643131590451742,train
11,1.5296980792268098,0.4075820093160574,1.173392946176447,1.4353547608132298,train
12,1.2540960130670225,0.5765665366869739,0.7709662025971505,1.0630261472949765,train
13,1.6437378232621156,1.0568823087845456,1.3625695598532241,1.6513634380865356,train
14,1.26864374131182,0.3072221785534896,0.7684766244949097,1.2066715062678335,train
15,0.7219693377447578,-0.23658840559835942,0.3562768289902911,0.841599793768709,train
16,0.6094382728620679,-0.09873419059208728,0.21312157988830555,0.6431574315218955,train
17,0.7976392114078621,-0.06282632545059741,0.39419393854991674,0.7801842802610982,train
18,0.5489132899469956,-0.4420387062199091,0.21799215573778968,0.5987957066489563,train
19,0.11850258818159422,-0.3306245578003947,-0.1595868216715568,0.15924505193512953,train
20,0.23823462401963907,-0.08661398792014148,-0.010045206794652428,0.23722578774277212,train
21,-0.04049432014730907,-0.6577770854761739,-0.30126605258192074,-0.04047188092645479,train
22,-0.4610343975009713,-0.620666913255666,-0.6808277427284587,-0.494132740826919,train
23,-0.14962853813782404,-0.22329264616044586,-0.34826315350249004,-0.27031193825128247,train
24,-0.41240397481793295,-0.4072100007101369,-0.6053175215328969,-0.5396568974962913,train
25,-0.2393442723016338,-0.36538947928822635,-0.1827675257996694,-0.18288378409435857,train
26,-0.7392548426810535,-0.662098524338017,-0.866004630851149,-0.8692241447809287,train
27,-0.3765846919139147,-0.4032482252014305,-0.3867700813413417,-0.4915721275357692,train
28,-0.6983056795366288,-0.4824446891944252,-0.5747770090078665,-0.7093115688204263,train
29,-0.8112914413373434,-0.15123211697672323,-0.5367891608102332,-0.735936774653801,train
30,-1.2170039133766584,-0.5681638353592205,-0.8946905058189502,-1.0692090447793596,train
31,-1.2062656456487397,-0.5679835943463193,-0.9827079714233581,-1.2074676977264716,train
32,-0.6840301279029576,0.1631043277990883,-0.42658181920628485,-0.757847961663957,train
33,-0.03864364681265482,0.2748553568145389,0.20241810679032227,-0.12555370878415212,train
34,-0.5310009971730564,0.12467850919788688,-0.17694156037281408,-0.44260224035234674,train
35,-0.8362652976379252,0.4723336791780308,-0.51968431267127,-0.7673604760560445,train
36,-0.8061093020827023,0.008705050786220992,-0.551824649754615,-0.7157144904805652,train
37,-0.39188129349970047,0.46934172946770336,-0.16131489667427468,-0.35531022358590186,train
38,-0.2229637224170366,0.631180004045741,0.05115693931250869,-0.102343698537692,train
39,-0.16283723396947486,0.5996995187149952,-0.11041887085768104,-0.1859622995516328,train
40,-0.38078729366308384,0.5906011664137243,-0.13033491121178248,-0.14095645523452033,train
41,-0.13968972027977586,0.5570842068669888,-0.15633370210494557,-0.10477956180752951,train
42,-0.13463437074177373,0.5509760124925138,-0.2963732813360598,-0.18659797060114958,train
43,-0.2239496169475845,0.38869165114249454,-0.46065497875854344,-0.2873614368865702,train
44,0.34879375122258516,0.7678924403403644,0.1617521233937838,0.323965576408652,train
45,0.38959320878440556,0.8261976659442917,0.1747020904291529,0.402743493370945,train
46,-0.5745943767361543,0.2819694857031146,-0.6584362839497541,-0.30203807062846,train
47,0.029055903283253734,0.22595836067646569,-0.3438705471078919,0.013799886679475407,train
48,0.22549691536827224,0.43260663631428586,-0.0668394788405886,0.2738453604611378,train
49,-0.47886193153421486,-0.2217619780482158,-0.9042028201463772,-0.4763479730816632,train
50,-0.053393724556847155,0.16077369996687357,-0.4487670247039608,-0.10274816696085429,train
51,-0.05969672481032676,-0.19023900795668702,-0.6584156363187417,-0.29069463096013737,train
52,-0.7910029771776599,-0.5507038862020958,-1.0737306333384886,-0.7144165564662821,train
53,-1.1614947147208645,-0.7769311690180407,-1.2441533204363688,-0.9454713018172848,train
54,-0.7400700294531414,-0.8464941369012619,-0.9853289490789038,-0.790735394571797,train
55,-1.007656477877768,-0.6845102423594004,-1.1413381199812778,-1.050339593125766,train
56,-0.8157648590680778,-0.4960624472048939,-0.8446061030414141,-0.8518695907217535,train
57,-1.0040385523010706,-0.4372075889716717,-1.0389388308523486,-1.0964476823095282,train
58,-1.063221407572415,-0.6628862699102587,-1.0892525531907968,-1.1788710193189222,train
59,-1.3163837165678411,-0.5072078961295087,-0.9742884605466676,-1.1429230584481833,train
60,-1.3597830883136341,-0.8712262538251497,-1.3174302692749087,-1.5029599102287925,train
61,-0.881335129844579,-0.32923487745535224,-0.5391388213116981,-0.8630221588492404,train
62,-0.5959149342750433,-0.4357599185221618,-0.2669097454221284,-0.6163145972834727,train
63,-0.5596968282471682,-0.10157337218065081,-0.16542675429571216,-0.566690040326466,train
64,-0.5412367499114683,-0.37880787591667536,-0.17153563527756333,-0.5527807056160402,train
65,-0.2844695772613883,0.10762587736542448,0.19769267661440748,-0.24494576694314155,train
66,0.11834374765706418,0.40103242329800914,0.6163761334988078,0.17401814122823528,train
67,-0.1441518967139139,0.14336707461397358,0.2173628690101684,-0.13832923535912697,train
68,-0.21411574791711507,0.16022697915711848,0.2407713282762223,-0.0876086826152214,train
69,-0.033912247981245924,0.47797613987351495,0.4541418516687767,0.13182657836969083,train
70,0.5260153278368314,0.5663120993219226,0.8691731374326436,0.5901225266464928,train
71,0.4984062823391702,0.645136598458543,0.7085543764726778,0.4999334658055792,train
72,0.7651477770486255,0.7536480499505925,0.8647538243723585,0.7190352083786592,train
73,1.0914831106562424,1.032729880083599,1.3218213464661792,1.2280000737954149,train
74,1.1329551489138834,0.9913891876521095,1.2140220174101226,1.2339748658444134,train
75,1.6232296614670274,1.046758882435475,1.489250185045512,1.5948329067637779,train
76,0.8667222011807008,0.4011530839475508,0.7154597288581708,0.9794661018918764,train
77,0.8665643929409307,0.2546358211422808,0.6881205663935033,0.9847195645573142,train
78,1.4868486064404718,0.8504998421882839,1.2917185915462492,1.544787647116963,train
79,1.4042940478098074,0.25735727259770086,0.8758718886657408,1.244399325201857,train
80,1.0679021431141618,0.08751016143884081,0.5735667067776788,0.9648125527251858,train
81,1.1284380858897927,0.292980205081351,0.891138278532361,1.2461064860944218,train
82,0.6032672602882283,-0.28462155755057966,0.36697121010352884,0.7771245124089525,train
83,0.9740125076541779,-0.24972322303135397,0.4839932087990631,0.8334822051869893,train
84,1.2441483599626142,0.2174363633570912,1.005965424321993,1.2655975175666943,train
85,1.179234326416775,-0.07956130572093288,0.7584071458196259,1.0461420167290516,train
86,0.9553374772889159,-0.02398049632734609,0.6641712188284532,0.9247507809683959,train
87,0.8604600337518895,-0.3037833817281031,0.5073546605045592,0.7670306710846682,train
88,0.6907926584240115,-0.5295439986299291,0.4789037397025397,0.7012271101880522,train
89,0.3071221400329745,-0.28290603033446127,0.2818283113187904,0.4273330928804154,train
90,0.22311253438350442,-0.6531720003059389,0.14806964106270787,0.27541303926505084,train
91,0.1591069771514649,-0.4894063003680327,0.29311277141813746,0.327982606498564,train
92,0.09997595435385105,-0.7120822088169498,0.1996173900198151,0.19126903368444237,train
93,0.31149455363566136,-0.5337902165170443,0.479402779035145,0.3735876039223962,train
94,0.000728093632268275,-0.47595457111674233,0.20433030948104447,0.049772145065161005,train
95,-0.06973259335138103,-0.3446562758227727,0.25814722043393906,0.048662170891385303,train
96,-0.1311923328519074,-0.6057891756031409,0.07259470364092041,-0.14738344125828148,train
97,0.223218468306963,-0.23558331222814016,0.5275143899179515,0.2164180727561805,train
98,0.04840162520004722,0.004308961444896901,0.34870326718886924,0.018133672210345883,train
99,0.27898533807257986,0.01473863515485044,0.5154839239508444,0.1913185984377567,train
100,0.6862034263333417,0.242671557351053,1.0097364399515614,0.6701446912712495,train
101,0.10101466755096894,0.06409627837975157,0.344352195694588,0.0743030347829697,train
102,0.7425439170946327,0.425776982037198,0.9072032410936968,0.6154851510726965,train
103,0.5667869122658263,0.5658639918910414,0.873304105800392,0.6302300933192989,train
104,0.7162302578166868,0.6268728712602707,0.9044672567142734,0.7241075960139385,train
105,0.7026209965168783,0.26999451753893555,0.7521685911016947,0.664983530084824,train
106,0.9335581257531662,0.692972617590513,0.9132194263762861,0.8273562985818473,train
107,1.1491977290281938,1.0022259530774464,1.100609251593034,1.0651415348398943,train
108,0.737295380572614,0.44287738698002277,0.609621113864613,0.7213753660756045,train
109,0.8533951242253122,0.36976037242091186,0.6063233663347758,0.7583884175871081,train
110,0.7988953113952727,0.7615657546569868,0.7854031587745911,0.9385415575952485,train
111,0.6275351403048532,0.5400709853346027,0.4370833587036448,0.6813394189514123,train
112,1.0398129929629798,0.6053087107071116,0.5973088271790304,0.8732039387967754,train
113,0.6208497364321687,0.48216093537424726,0.3538046404858092,0.6899259242775394,train
114,0.2936858936475001,0.23667999294079722,-0.01405182072513076,0.37714631180278874,train
115,0.48103787565496764,0.1199530347835718,0.049127571026023574,0.4457960301514456,train
116,-0.22083758770953082,-0.42656067131741066,-0.6341245427301226,-0.19710878336603155,train
117,0.3873231174060975,0.06741279303954573,-0.060580471653446155,0.26233397124445257,train
118,-0.34011260062666604,-0.40600449783646453,-0.7688050498998087,-0.40996633692975837,train
119,-0.7069723940764618,-0.5856922063339212,-0.8822121186505693,-0.5735419036884719,train
120,-0.321087851966013,-0.3392247107526669,-0.5233647787250768,-0.3189182242132695,train
121,-0.6492305836634055,-0.44071554124929857,-0.8440998275855012,-0.6720655297509728,train
122,-1.0013250435032068,-0.43922387775970956,-0.8683524567254358,-0.7528147628189096,train
123,-0.7940577973239846,-0.5672224980953108,-1.0211753391104257,-0.948156741566358,train
124,-1.1617255837139238,-0.6049858027505269,-1.2158657918471316,-1.19950674756213,train
125,-0.9380829862625112,-0.5287908764515759,-0.9707987510649329,-1.033042958116422,train
126,-0.9708907912258256,-0.5749334219539105,-1.0185047933466531,-1.1314269078403385,train
127,-1.1360012846519842,-0.4162758210433322,-0.7617847463244016,-0.9485215112867792,train
128,-1.28588459169365,-0.5985014515757595,-1.2842184894225035,-1.4804281375407153,train
129,-1.440571590257647,-0.3541194545240733,-0.9934041491400789,-1.2667433195151323,train
130,-1.0385096144827874,-0.19192996794903083,-0.6582363808038403,-0.9770116553249191,train
131,-1.3429376413991285,-0.13390809033907108,-0.9903107157970996,-1.307054350497422,train
132,-0.6801574033483512,0.23187318033391446,-0.23868543911174883,-0.6001862273494706,train
133,-0.7897338271185794,0.08034878335693939,-0.5754218872785041,-0.8781343160149665,train
134,-0.6553415268699999,0.18536133679014688,-0.4442035971445501,-0.7356881507962441,train
135,-0.8322054877807403,0.38951254669287344,-0.6890193321957688,-0.9506643059647345,train
136,-0.40614255809633437,0.35330774807098453,-0.28722477126470897,-0.5093277942188286,train
137,-0.6400933894453851,0.5453472504671685,-0.38127639957425197,-0.5642377135991212,train
138,0.03762822209175554,0.5421561497854609,-0.0036861102238548507,-0.1358992361487276,train
139,-0.21639314945295599,0.723539766345169,0.17776948980137158,0.09050072758745677,train
140,-0.4931074621392664,0.5309855764720075,-0.2699537134263449,-0.2549746611476158,train
141,0.503083281941209,0.9725074796179257,0.46958369801709104,0.4888865590207829,train
142,0.476951204114499,0.8940801273061768,0.21545985289675024,0.345003832954267,train
143,0.31076649428728753,0.532859742182398,0.047465864111224824,0.2849088121860734,train
144,0.7166657920631678,0.6380410114541722,0.2866479719861735,0.551232965999017,train
145,0.44556739438238074,0.624945487695338,0.023118774748989428,0.34774124600055556,train
146,0.5902360639936485,0.49763953956840473,0.4222818230326777,0.7853781346291838,train
147,0.4861633991092455,0.27862232757635724,-0.02397041720112312,0.3958132165203475,train
148,-0.12832486484826264,0.0252216153820065,-0.5753843927382113,-0.11870323532722395,train
149,-0.07584729734819445,-0.34692109676523947,-0.5806944093309522,-0.12808644808869038,train
150,0.33868947153664075,-0.05176081279935758,-0.17124039799061375,0.1904533603333665,train
151,0.4881259396470172,-0.27615515024074555,-0.011045863194251777,0.329319087471787,train
152,-0.2366727136831554,-0.4721058039449007,-0.49705259691204134,-0.17962730343179822,train
153,-0.5946142884984937,-0.8788436389160749,-0.8523287369376054,-0.5706831096520139,train
154,-0.5556025658518042,-0.6473535300864417,-0.5978145130500313,-0.44566184977099127,train
155,-0.519964176296627,-0.5552528035558758,-0.4891927871388747,-0.4239877031208711,train
156,-0.798282373379362,-1.041173392524186,-0.9142995621822649,-0.8746762601814196,train
157,-1.156505796956393,-0.9492142511271551,-1.0242536483787972,-1.0993197770692795,train
158,-0.8866877598984519,-0.7588326641232662,-0.6306755478770939,-0.8273846377648959,train
159,-0.3009808985806298,-0.30659518478754877,0.10214109654443554,-0.21563604318344468,train
160,-0.8221939441067134,-0.5253194193579562,-0.48055632518453345,-0.7872500265340193,train
161,-0.5319062035193449,-0.507111047826398,-0.23031196078334015,-0.589632965887579,train
162,-0.25249175395700435,-0.6111781037555938,-0.04304589671676457,-0.4425918855830132,train
163,-0.4136997571162379,-0.5102698315466665,0.16563373629991507,-0.29438460726659416,train
164,-0.3947784074105227,-0.4428693363127,0.03454680460302533,-0.4590067498770932,train
165,-0.18053484720105362,-0.005686963576274316,0.27543042515239957,-0.2740735630245101,train
166,0.28808712682532056,0.20239592274682022,0.7054326667576135,0.15327852562048985,train
167,0.2807395222031703,0.4316034393278778,0.8022955334013949,0.27952901780971834,train
168,0.271705091420246,0.2945043237115155,0.8116702702971579,0.36214129605637463,train
169,0.42539309212404053,0.19865557733430367,0.7148831077572587,0.3221102808676179,train
170,0.747287961744146,0.4438101566342712,1.1212422555598478,0.7377968185205379,train
171,0.6040138153384195,0.5154250044057617,1.090269826710262,0.7648810783274235,train
172,1.1280191358852356,0.5808802044861725,1.4162603302228902,1.1413971976545656,train
173,1.496382301646864,0.8954007853570075,1.732723717954884,1.5001725847152063,train
174,1.1935669865215703,0.8753478899822692,1.3269836162786823,1.2093306050748225,train
175,1.5801924925771424,0.7747928381217988,1.475583032471619,1.4501742318985953,train
176,1.873329699705982,0.8860773849255156,1.849430729052746,1.8823231780413379,train
177,1.0749998561580267,0.6913712766009633,1.0393114904681795,1.1955364718632717,train
178,1.6064394354662626,0.3105581391712963,1.2584701728111103,1.4857412241142574,train
179,1.2122339176037216,0.14934803746895758,1.022235715294391,1.2814845249664595,train
180,1.277167485047423,0.16127182693624104,0.9985325459379402,1.2554651972631117,train
181,1.0718508277146412,0.26813481332753336,0.9871378693561041,1.2380250611071333,train
182,0.970756635040974,-0.1113582114484271,0.5915273079426698,0.8856500153037495,train
183,1.1059896669357976,-0.09379862139246055,0.6542348955901626,0.9141828644262013,train
184,0.7121908944154343,-0.23643491342311845,0.2636215387545094,0.5167500429025834,train
185,1.2444463092627978,-0.06243023225571709,1.1290250768517622,1.3013814240199904,train
186,0.4048744501104471,-0.21530009570198194,0.3843303563328621,0.569690865143095,train
187,0.19972688695781435,-0.5080175961740341,9.413700300358457e-05,0.17722594170534778,train
188,-0.41162961380488394,-1.0525721658203226,-0.3923365958609227,-0.24048957750925465,train
189,-0.12450494547258992,-0.6678724227567495,-0.25443534454794614,-0.248266094098445,train
190,0.45908290234321536,-0.29960760867716874,0.494878856182786,0.3823766704058791,train
191,0.10332228062416263,-0.471337550673506,0.09647643481170054,-0.023974865180850038,train
192,-0.24846441564425237,-0.5816907453921822,-0.13875134689986235,-0.2929905871881948,train
193,-0.5783598168423218,-0.6522121517838466,-0.28920887368973697,-0.491755445705865,train
194,-0.3749783556501118,-0.16344187576249491,-0.02409419172896076,-0.32211047274919213,train
195,-0.22494663843445525,0.0467743654971039,0.007992304606441108,-0.3075021728077151,train
196,-0.4329197625416241,-0.49082828849817994,-0.19719502428911992,-0.4616554058027425,train
197,-0.4212961531266928,-0.24386118288864228,-0.13962019614447177,-0.4602535090084274,train
198,-0.5990606082006333,-0.013212350865819636,-0.25464267888399117,-0.5957588402471434,train
199,-0.11805813863527578,0.11668235702204051,0.08589464839664696,-0.26112459717565517,train
200,-0.05522563854307286,0.3413042276407777,0.166421936668604,-0.1686330665200841,train
201,0.0664740251353079,0.4043042774784616,0.2016376553046554,-0.08883475646620706,train
202,-0.28755361940051266,0.24669303104578127,-0.02993309193087857,-0.2511168577227295,train
203,0.751102047387888,1.1462145484687662,0.9808067906197702,0.7130059559509089,train
204,0.3024163902268424,0.5611466596132876,0.2317380393137478,0.14855982854184377,train
205,0.5515933455152522,0.8364847412997447,0.5098213512808294,0.4626644418793679,train
206,0.592180153036705,0.6473063805112671,0.48776607214134216,0.5370622599678319,train
207,0.683750446660793,0.9867343833892569,0.6035844506857436,0.6934596331287728,train
208,0.3353269285848397,0.7049158527716064,0.03851355589545174,0.2574065100754793,train
209,0.48616907498024575,0.563704955831726,0.2966164302747168,0.5733469522735208,train
210,0.3381130039797847,0.500118454111269,0.06137432941609316,0.39117320579099724,train
211,0.3745473316754404,0.4401027190916086,-0.0470937838261753,0.32217668109535186,train
212,0.30701870085338945,0.48811853369914565,-0.07853173892976462,0.3140109096456365,train
213,0.11555011106732518,0.17313260269104092,-0.5148957466650408,-0.06284618999967324,train
214,-0.21344978433558964,0.0839240019912328,-0.7550896833691257,-0.2971417975557273,train
215,-0.012261042564916447,-0.242989013867067,-0.5221591068234486,-0.07245426101166394,train
216,-0.33570425482235633,-0.06592781786721198,-0.8278180390082794,-0.4269809661512253,train
217,-0.6398942806628981,-0.26322504126962465,-0.9641498047065054,-0.5778553690434771,train
218,-1.127361726884498,-0.38254033559233686,-1.2971604247148756,-0.9422464195304999,train
219,-0.8373120284566897,-0.1943106823466847,-1.112995984922841,-0.8333811246706874,train
220,-0.7711235394782985,-0.7319767508457937,-1.1282614455772475,-0.8575533581210246,train
221,-0.9975653092378823,-0.6411677567096667,-1.0947010514646076,-0.922174123349952,train
222,-1.423099814438989,-0.8318052800515463,-1.363041691506705,-1.2496538777440558,train
223,-1.6128829841878245,-0.7295212991364817,-1.5348518179227402,-1.515261882958158,train
224,-1.2615110743790328,-0.6216064780776391,-1.093688837547226,-1.173937456642598,train
225,-1.4110654805171454,-0.8012615687971141,-1.3740471669133332,-1.4988531095613706,train
226,-1.520847724702423,-0.6578562042482186,-1.2883309460458392,-1.5028787203570695,train
227,-1.2834332046983692,-0.4276494402507484,-1.1545539456887914,-1.4453519560837311,train
228,-1.474788427689455,-0.5604706274469414,-1.111223993979407,-1.4291584604023182,train
229,-1.4231364520455276,-0.48854384026515685,-1.0990242432501398,-1.4659230207214111,train
230,-1.415776433309445,-0.4558755038583235,-0.9795490915968795,-1.387208240649134,train
231,-0.6401576109687748,0.20208982713233437,-0.2675833909914219,-0.7626127176037465,train
232,-0.9818372649387815,0.1781712113712553,-0.4620196590693746,-0.9060228316256164,train
233,-0.8107053028477479,-0.10666970343919936,-0.4248666945596492,-0.8177722138709999,train
234,-0.4249960459173236,0.4775212602134505,-0.06680568873013348,-0.495775978076062,train
235,-0.18732702907360066,0.39671698321440496,0.148189306623032,-0.21588022669257897,train
236,-0.09839048197267605,0.3275919214293291,0.2764477986037673,-0.03241270696477326,train
237,-0.10318057854565985,0.5032972517392241,0.13792408607584616,-0.12879059754507685,train
238,-0.7074979035273775,0.059491059413999625,-0.33799373440496144,-0.503227504535898,train
239,0.0662032988347252,0.8205245317498618,0.49440122410669113,0.27366029953381393,train
240,-0.335782130203675,0.18432824420303812,-0.22814315971628066,-0.2985740459809179,validation
241,0.3409261092629128,0.43887581622014404,0.27526347068536,0.19430705539196594,validation
242,0.17752378659823548,0.4534396364117066,0.3314587439777307,0.29416742480362157,validation
243,0.491448334840614,0.4323047195940737,0.42990146238143406,0.4358186886688201,validation
244,-0.011682634683451654,0.36568595618434074,0.24260750167171408,0.2994760556602301,validation
245,0.6221552506422341,0.39280724429643177,0.38212973411517503,0.46453968590918276,validation
246,0.3844387377151199,0.3515276873888904,0.23016160980460357,0.35310711894066543,validation
247,0.46046594491801796,0.17758591339148277,0.4926035909926254,0.6419714764655156,validation
248,0.3728102830219607,0.21318369642313295,0.27789802705482536,0.4399032907099556,validation
249,0.5996295796875942,0.364153238163884,0.4477633193851147,0.6066569905309848,validation
250,0.1885186258444327,-0.43462987853310153,-0.010245555482948927,0.2305936852738937,validation
251,0.6747921287560401,-0.0838869590970303,0.4495724675296781,0.5952815063403667,validation
252,0.5336921661519434,-0.528026243041432,0.34624561544015114,0.4971189263101289,validation
253,0.2965853439438392,-0.43225141342166823,0.18364437186235266,0.26794336221881543,validation
254,-0.042515900884677105,-0.3981518801478015,0.06870145747141204,0.10154867706944275,validation
255,-0.008225169609395296,-0.7212534174480602,-0.005848609163955083,-0.001759519165041714,validation
256,-0.3730733981781263,-0.8967682218276833,-0.1204833769308446,-0.18364851647905733,validation
257,-0.3137184227157455,-0.8160067081181616,-0.2710633948164578,-0.42792812049899176,validation
258,-0.3553369367760011,-0.6799095810105293,0.02074726400301235,-0.23464183358247895,validation
259,0.16522686509670306,-0.38861779110379335,0.3792782496308714,0.03410831677444007,validation
260,0.3059312416046856,-0.19498735393121291,0.6037057196003365,0.21296532637809162,validation
261,-0.035639985665650895,-0.4744911568847517,0.2765465317840562,-0.09452056251011068,validation
262,-0.008808784819546292,-0.21241428927433825,0.361939960572419,-0.0608052336473599,validation
263,-0.14472150595858108,-0.3837139291825637,0.4305729908201229,0.008389031492354568,validation
264,-0.1176107459033503,-0.20485441057696618,0.4246015024092249,-0.03003580094302288,validation
265,0.3426565089551159,0.032562447714946006,0.6709284555451556,0.1925909776174404,validation
266,0.09672778748886746,0.08834985632194241,0.7288108839567533,0.26826397272188846,validation
267,0.28627826670291967,0.25849586043982087,0.9980902536378197,0.5471237791248958,validation
268,0.7151398994998674,0.4829269322077592,1.2675469633142842,0.8404885998403846,validation
269,0.985814943589946,0.8683451161197648,1.4068203980980212,1.022306041691349,validation
270,1.0465084236449194,0.5558665050522846,1.2760141083117214,1.0165579948751597,validation
271,1.2342950339904766,0.7306511433261856,1.3922427601144098,1.1859134914011813,validation
272,0.6579207275135066,0.30438718825919636,0.8165121689350155,0.7331065260002285,validation
273,1.5502890591373841,0.8124929624714793,1.4896474239008473,1.3886554991209994,validation
274,1.4044340651964675,0.8043796888971672,1.4889651494357687,1.4731168534374175,validation
275,1.3522576898010863,0.6854889244023794,1.3323702706081537,1.4075372453820743,validation
276,1.395604264934129,0.7942006226119555,1.2500586870454962,1.3854863687858874,validation
277,0.7789463942060446,0.19373587973409584,0.578441889849255,0.8386943081241724,validation
278,1.3848839745997323,0.4551961553409575,0.9623773911301792,1.1990051776807389,validation
279,0.7247278216781466,0.09221877497893213,0.407876021083485,0.7130349195447591,validation
280,0.897804276888361,0.2546747507863465,0.6513736685811576,0.9300898705020959,validation
281,1.0170706129763643,0.13372246701335277,0.6301580313871944,0.9238786673289372,validation
282,0.6863815604147653,-0.034019240291467016,0.27183879261813126,0.581249873724846,validation
283,0.22629975083693998,-0.14093851062150448,0.1088931067101522,0.40621965788410325,validation
284,0.3053681284396768,-0.47581978654282586,0.049738968975135626,0.3322397570477854,validation
285,-0.07736876143411259,-0.27942644190923643,-0.26382411574910747,-0.0481254879007289,validation
286,-0.48319795940906746,-0.6753896240582542,-0.600394612862939,-0.39662914095577145,validation
287,-0.3892554357380846,-0.6377072713369053,-0.5401826545321912,-0.4244989006960927,validation
288,-0.7429417874369936,-0.8299319353388106,-0.6399934183091619,-0.5870659602922658,validation
289,-0.5811052952547339,-0.4609719514843927,-0.37615175976260756,-0.44363944141526046,validation
290,-0.7598519274371036,-0.726769735487919,-0.565858130377153,-0.6617382441233454,validation
291,-0.8157390247424589,-0.858797769278706,-0.5907777781828736,-0.7538268830856901,validation
292,-1.2719268767982415,-0.5484627917458903,-0.9194662642150699,-1.1715140844741088,validation
293,-1.2258630551968777,-0.4057846040229764,-0.9143325673190639,-1.2209716858992081,validation
294,-1.2297390266295398,-0.3582202445797197,-0.7179497126743097,-1.0633856666017465,validation
295,-0.6260545062931121,-0.02797618473474061,-0.15681623719610993,-0.5612947070181685,validation
296,-0.7679594936041465,-0.2130880038424811,-0.3980393219573516,-0.7708791164638948,validation
297,-0.79858868831809,0.1657505372837218,-0.269924712221816,-0.6728412906724145,validation
298,-0.6587044931839585,0.08602538102559633,-0.2865673828038376,-0.6503833263856232,validation
299,-0.4525624924223915,0.4156948001279884,-0.09277878973736092,-0.4555757206783868,validation
300,-0.2674407580017783,0.5779824201888809,0.004261548763348326,-0.31135253619129466,validation
301,-0.27626463581476673,0.46177157075650455,-0.06784621180566319,-0.3018773549035066,validation
302,-0.48117187075347967,0.4002611709426659,-0.26228918988180355,-0.4293840377373824,validation
303,-0.2900622247254339,0.45962458826039204,-0.2280226120196029,-0.3517339659436663,validation
304,-0.33451142694844893,0.4545431226147789,-0.3007486413298252,-0.3700684566160171,validation
305,-0.07425522839391349,0.7580574633483487,-0.0613983344403169,-0.10575610965389472,validation
306,-0.02024824031158251,0.35370628263826664,-0.41560416388019605,-0.3485644405491133,validation
307,0.23534786254205,0.7936909965866348,0.1864678201959405,0.2416607216884082,validation
308,0.0259644775964989,0.7785574276697533,-0.09736628580348555,0.04577533129831121,validation
309,-0.20853851077530222,0.6353860267370249,-0.47105370440819433,-0.2359426988697583,validation
310,-0.008496053031471194,0.34606379407176013,-0.3130382698726753,-0.016477627370663796,validation
311,-0.03877631303256794,0.4610386021865526,-0.39371170198885386,-0.08130686021372266,validation
312,-0.15397973547078558,0.17112033253714942,-0.44037939640131235,-0.08172172315077847,validation
313,-0.3602188432037638,0.10834762809905117,-0.4649199136559998,-0.10493690141716637,validation
314,-0.5803617415694058,-0.11041562764652259,-0.7583174006562464,-0.38646314237653606,validation
315,-0.3584400848487945,0.007238970607277455,-0.5433481593973825,-0.21740759598854376,validation
316,-0.34631594915427816,-0.3780822412796689,-0.7701018185402029,-0.4352100022630063,validation
317,-0.6724361133259074,-0.3541782380352749,-0.7125790293668984,-0.43982693637761694,validation
318,-0.852647746453228,-0.4339275716186356,-0.9948353252900471,-0.761591454711248,validation
319,-1.1256636422717186,-0.8426188079789556,-1.2904901297618452,-1.0859067827789182,validation
320,-1.2162515114649852,-0.6226087720691078,-1.1413637972661952,-1.0535438379350748,test
321,-1.0369389407836926,-0.5366798567256422,-0.8326297007885911,-0.831702565041755,test
322,-1.063365672746353,-0.688850825182672,-1.0663629471636287,-1.1085404181977383,test
323,-1.1560917119394385,-0.7285022395544938,-1.0886517555940924,-1.200474828572966,test
324,-0.9130292489205881,-0.4912797216707486,-0.7911237506956909,-0.998259541601388,test
325,-1.4934004533785308,-1.02092653141488,-1.3420435383274907,-1.5472550114318178,test
326,-1.1623991507188647,-0.42587910157935466,-0.6600828755791526,-1.0176874714105224,test
327,-1.182180981774371,-0.620455217281425,-0.8834780311793838,-1.2531122477157581,test
328,-1.1218771961548812,-0.4307621174157113,-0.6737124306758348,-1.1092634210925056,test
329,-1.0060258759397984,-0.06392524143238824,-0.31290046083275314,-0.8055026881414089,test
330,-0.5147297654268743,0.18113691177410474,0.005815742365641745,-0.4953231647678389,test
331,-0.9338979966719616,-0.15599993880891394,-0.37945904016423526,-0.8096961900364085,test
332,-0.1783841436024988,0.1530106869190852,0.29551153454510626,-0.1717019389208371,test
333,-0.10494327705440545,0.08857641947401217,0.211404757387686,-0.21422018457137362,test
334,0.2064186108084948,0.4110251925372147,0.6329523851012812,0.20317706961572973,test
335,-0.06715792656352709,0.1674106542850789,0.5040917007441053,0.151179010313822,test
336,0.14271657530185763,0.5541519431012787,0.5046414086678992,0.1633770952347629,test
337,1.0185424493408093,0.9381897158669599,1.3078296372141973,0.990402356306352,test
338,0.3251511570545826,0.5784061010414183,0.574404007798462,0.4097840031087751,test
339,0.7358731918311232,0.7404765430368468,0.8293315674641213,0.7124649256575496,test
340,0.8110248438208068,0.7416375352473766,1.0124060254427365,0.9681024123499955,test
341,1.0840464723646441,0.8551747464776527,1.0457709542027678,1.0698895981319423,test
342,1.2490926211754687,0.7568722714968297,1.1082915287446717,1.2188446426802642,test
343,1.0699897296948668,0.2756381112525459,0.7449505748872163,0.9611118232985393,test
344,1.0744772415140755,0.4771272778071035,0.8554869696842003,1.0711864887100886,test
345,0.6436913149420753,-0.1253522621971962,0.32700986039293184,0.6257691599650143,test
346,1.3385140802391189,0.3977808192719712,1.184167813933534,1.3944566531084566,test
347,0.6961563162929943,-0.18037360774020533,0.45750384953481904,0.7479231095147921,test
348,0.9436835178302899,-0.3418128004106014,0.6890321210918245,0.9413526301577154,test
349,0.3721568924000915,-0.44433564375384926,0.17986059184792585,0.40164918748479617,test
350,0.5193885062195333,-0.37029858668265503,0.3556404033397027,0.5056222516820856,test
351,0.08784342140547731,-0.6664188601787487,0.06341878415650054,0.18754230419485593,test
352,0.05015346308152333,-0.6919075600049778,0.08676007249606271,0.1309981184362058,test
353,0.43148431756518746,-0.2844492323039575,0.540587485659112,0.46955890801008243,test
354,0.5725110190019425,-0.5256178948561699,0.45881757215765057,0.37159717181858,test
355,0.03304751244891441,-0.7477913115304708,0.04014865016829721,-0.07688995206869512,test
356,0.2611280513773915,-0.3776671659928665,0.4527149950916819,0.22595470363680728,test
357,-0.10380253420040556,-0.4744944624228878,0.3695291304459595,0.11754925029878391,test
358,0.13092680338508456,-0.21157877154672988,0.49586033407753194,0.18460234200169887,test
359,0.4051624932196493,-0.2205636677124712,0.6755751475477962,0.34718979367002273,test
360,-0.2474392482206988,-0.2816613374962791,0.16949583215125463,-0.14971384412254424,test
361,-0.3064298994611692,-0.4230667509817233,0.1526527732355361,-0.17662982279150988,test
362,-0.3840081797673971,-0.5799302431786397,-0.033591147439346,-0.38063119219373226,test
363,0.012894446722987892,-0.03937793835705091,0.4577545995768689,0.01912961233181343,test
364,0.31946412713084343,0.10266604981995915,0.696899556200695,0.256192097655238,test
365,-0.21522093115128146,0.004482624333086126,0.25375342054285227,-0.13841151467260837,test
366,0.193172214097216,0.19655270998672492,0.661530622553466,0.26153839634779613,test
367,0.24116463118260317,0.4007752294829679,0.7111543959975718,0.33530372041905654,test
368,0.6374799159069622,0.43148759640207673,0.907574887870419,0.5796060057314073,test
369,0.18660449717712096,0.06503905831080886,0.4858165512689288,0.24770208464456253,test
370,0.9268088790896205,0.9630054142465903,1.2918673961353537,0.9951548033860276,test
371,0.9374492663866852,0.8439427909306453,1.1566018195767007,0.9813170409961868,test
372,1.065494047455693,0.8650516690470489,1.0175767300939798,0.9384754600292811,test
373,0.5116684699184227,0.3801550461497129,0.5163598053344344,0.5689739818542258,test
374,0.7209786462230746,0.8141402563295983,0.8065151196868873,0.8604302441389239,test
375,0.9957339048609433,0.7859044594752039,0.8122902402656305,0.9457512740158238,test
376,0.5745622816471482,0.39761159655712713,0.36480840662363373,0.6046662121725322,test
377,0.7019755007521397,0.598437889386727,0.47919353070536935,0.7308617630369814,test
378,0.5292292886227982,0.2163358032838038,0.14260808654653911,0.4713276202606564,test
379,0.43616999372832443,0.14335839192458716,0.1472838558164371,0.4820577646832347,test
380,0.3110141534614461,0.27647166471227536,0.024719797715506996,0.35176756086438377,test
381,0.3949159313150311,0.4193115758570397,0.16748380991125889,0.491658815456772,test
382,0.16175366367353386,0.007066503500868942,-0.17118659107746872,0.20960160998883356,test
383,-0.409386367108983,-0.5334366700888624,-0.8585732254659043,-0.4483396679122925,test
384,0.06427579739349443,-0.12075705536560886,-0.2960165758856989,-0.005022715922198075,test
385,-0.4090281389783691,-0.4969648549917307,-0.8522159640093773,-0.5533491646175088,test
386,-0.6465098260064955,-0.510169129356648,-1.0483318536312725,-0.8114582621017811,test
387,-1.0041843973784232,-0.7234766537626464,-1.1347307468608425,-0.9517252087464178,test
388,-0.9321239998872013,-0.700097661919851,-1.0345807001467489,-0.9434558827726203,test
389,-1.0935533975405893,-0.4548636346948477,-1.0544962330755705,-1.0551554731380566,test
390,-1.191735370915354,-0.5779556466974167,-1.3359126090170497,-1.3703265626488166,test
391,-1.1662942743477964,-0.616888250461334,-0.9868000120125912,-1.0921544367001932,test
392,-1.3182490606608623,-0.2795657854098387,-1.0656035057739552,-1.246708919603647,test
393,-1.3608909346304487,-0.45014550520569835,-0.9903461216396097,-1.1878271069289936,test
394,-1.2130369707247912,-0.16739234262318342,-1.0304175897772951,-1.2800677061079246,test
395,-1.5698514135295143,-0.40011785946760164,-1.2100970988952708,-1.4488484791959022,test
396,-0.917328432149574,0.011032034401706215,-0.6769629031829436,-0.9866855981799134,test
397,-1.0346683194022028,-0.208026337487844,-0.8258349561490462,-1.1051824564671027,test
398,-1.0233786880204265,0.06696494032529968,-0.6591477005728111,-0.9681598173933239,test
399,-1.1494705790756643,0.19343779966834823,-0.7776082768998209,-1.0686271280211608,test
