hour,homeostatic_pressure,circadian,awake
0.0,0.2,0.24999999999999978,True
0.25,0.211034306604867,0.2222148834901989,True
0.5,0.22191641830692121,0.19561928549563956,True
0.75,0.23264843431268933,0.17032709244996547,True
1.0,0.24323242487458752,0.14644660940672605,True
1.25,0.2536704316902819,0.12408009626051125,True
1.5,0.2639644682965412,0.10332332985438242,True
1.75,0.27411652045765655,0.08426519384872727,True
2.0,0.28412854654850395,0.06698729810778059,True
2.25,0.29400247793232337,0.05156362923365587,True
2.5,0.3037402193332872,0.038060233744356575,True
2.75,0.31334364920392965,0.026534935252447156,True
3.0,0.3228146200875084,0.017037086855465844,True
3.25,0.33215495897536806,0.00960735979838473,True
3.5,0.3413664676593753,0.004277569313094809,True
3.75,0.35045092307949155,0.0010705383806982605,True
4.0,0.3594100776665531,0.0,True
4.25,0.3682456596803221,0.0010705383806982605,True
4.5,0.37695937354287556,0.004277569313094809,True
4.75,0.38555290016739596,0.009607359798384785,True
5.0,0.39402789728242626,0.0170370868554659,True
5.25,0.40238599975165334,0.02653493525244721,True
5.5,0.41062881988928,0.03806023374435663,True
5.75,0.41875794777104747,0.05156362923365593,True
6.0,0.4267749515409679,0.06698729810778065,True
6.25,0.4346813777138263,0.0842651938487275,True
6.5,0.44247875147350957,0.10332332985438247,True
6.75,0.45016857696722146,0.12408009626051136,True
7.0,0.45775233759563894,0.14644660940672627,True
7.25,0.46523149629906657,0.17032709244996558,True
7.5,0.4726074958396441,0.19561928549563967,True
7.75,0.4798817590796616,0.22221488349019886,True
8.0,0.4870556892560355,0.2500000000000001,True
8.25,0.4941306702509993,0.27885565489049946,True
8.5,0.5011080668590606,0.30865828381745525,True
8.75,0.5079892250502756,0.3392802673484192,True
9.0,0.5147754722298924,0.3705904774487397,True
9.25,0.5214681174944138,0.4024548389919359,True
9.5,0.5280684518841273,0.4347369038899742,True
9.75,0.5345777486321523,0.46729843538492843,True
10.0,0.5409972634100527,0.5,True
10.25,0.5473282345700607,0.5327015646150717,True
10.5,0.5535718833839612,0.5652630961100259,True
10.75,0.5597294142786796,0.5975451610080642,True
11.0,0.5658020150686214,0.6294095225512604,True
11.25,0.5717908571848067,0.6607197326515808,True
11.5,0.5776970959008443,0.6913417161825449,True
11.75,0.5835218705557891,0.7211443451095007,True
12.0,0.5892663047739253,0.75,True
12.25,0.5949315066815184,0.7777851165098012,True
12.5,0.6005185691205779,0.8043807145043603,True
12.75,0.606028569859671,0.8296729075500344,True
13.0,0.611462571801829,0.8535533905932737,True
13.25,0.6168216231895853,0.8759199037394887,True
13.5,0.622106757807187,0.8966766701456176,True
13.75,0.6273189951800155,0.9157348061512727,True
14.0,0.6324593407712575,0.9330127018922194,True
14.25,0.6375287861758636,0.9484363707663441,True
14.5,0.6425283093118309,0.9619397662556434,True
14.75,0.6474588746088477,0.9734650647475529,True
15.0,0.6523214331943362,0.9829629131445341,True
15.25,0.6571169230769293,0.9903926402016152,True
15.5,0.661846269327416,0.9957224306869052,True
15.75,0.6665103842571921,0.9989294616193017,True
16.0,0.6711101675942489,1.0,False
16.25,0.6304496580249784,0.9989294616193017,False
16.5,0.5922526441949534,0.9957224306869052,False
16.75,0.5563698704425609,0.9903926402016152,False
17.0,0.5226611240495829,0.9829629131445341,False
17.25,0.4909946873569527,0.9734650647475529,False
17.5,0.4612468230751399,0.9619397662556434,False
17.75,0.43330129077800256,0.9484363707663441,False
18.0,0.40704889269079586,0.9330127018922194,False
18.25,0.3823870469974944,0.9157348061512727,False
18.5,0.3592193870001167,0.8966766701456176,False
18.75,0.3374553845637589,0.8759199037394887,False
19.0,0.3170099963759401,0.8535533905932737,False
19.25,0.2978033316380107,0.8296729075500344,False
19.5,0.2797603398901209,0.8043807145043603,False
19.75,0.2628105177499175,0.7777851165098012,False
20.0,0.24688763341904532,0.75,False
20.25,0.231929467880956,0.7211443451095007,False
20.5,0.21787757177874853,0.6913417161825449,False
20.75,0.20467703702303708,0.6607197326515808,False
21.0,0.19227628223739845,0.6294095225512604,False
21.25,0.1806268512030228,0.5975451610080642,False
21.5,0.1696832235149856,0.5652630961100259,False
21.75,0.1594026367102762,0.5327015646150717,False
22.0,0.14974491917254437,0.5,False
22.25,0.1406723331606363,0.46729843538492843,False
22.5,0.13214942734755103,0.4347369038899742,False
22.75,0.12414289829360982,0.4024548389919359,False
23.0,0.11662146031254182,0.3705904774487397,False
23.25,0.10955572322198513,0.3392802673484192,False
23.5,0.10291807750071048,0.30865828381745525,False
23.75,0.0966825864038171,0.27885565489049946,False
24.0,0.09082488461433834,0.2500000000000001,True
24.25,0.10336503084018922,0.22221488349019886,True
24.5,0.11573221229313269,0.19561928549563967,True
24.75,0.12792881465608896,0.17032709244996558,True
25.0,0.13995719070653212,0.14644660940672627,True
25.25,0.15181966077035125,0.12408009626051136,True
25.5,0.16351851316945132,0.10332332985438247,True
25.75,0.1750560046631804,0.0842651938487275,True
26.0,0.18643436088366838,0.06698729810778065,True
26.25,0.1976557767651611,0.05156362923365593,True
26.5,0.20872241696743243,0.03806023374435663,True
26.75,0.21963641629335673,0.02653493525244721,True
27.0,0.23039988010072154,0.0170370868554659,True
27.25,0.2410148847083603,0.009607359798384785,True
27.5,0.2514834777966831,0.004277569313094809,True
27.75,0.2618076788026833,0.0010705383806982605,True
28.0,0.27198947930949535,0.0,True
28.25,0.28203084343058027,0.0010705383806982605,True
28.5,0.2919337081886112,0.004277569313094809,True
28.75,0.30169998388913377,0.00960735979838473,True
29.0,0.31133155448907235,0.017037086855465844,True
29.25,0.3208302779601533,0.026534935252447156,True
29.5,0.3301979866473157,0.038060233744356575,True
29.75,0.33943648762217915,0.05156362923365587,True
30.0,0.34854756303163503,0.06698729810778059,True
30.25,0.3575329704416309,0.08426519384872727,True
30.5,0.3663944431762124,0.10332332985438242,True
30.75,0.37513369065188884,0.12408009626051125,True
31.0,0.3837523987073872,0.14644660940672605,True
31.25,0.3922522299288579,0.17032709244996547,True
31.5,0.40063482397059436,0.19561928549563956,True
31.75,0.4089017978713301,0.2222148834901989,True
32.0,0.4170547463661718,0.24999999999999978,True
32.25,0.42509524219423134,0.27885565489049935,True
32.5,0.4330248364020134,0.30865828381745525,True
32.75,0.44084505864261936,0.3392802673484191,True
33.0,0.4485574174708241,0.3705904774487397,True
33.25,0.45616340063408234,0.4024548389919357,True
33.5,0.46366447535952204,0.4347369038899742,True
33.75,0.4710620886369786,0.46729843538492866,True
34.0,0.4783576674981256,0.4999999999999999,True
34.25,0.4855526192917552,0.5327015646150712,True
34.5,0.49264833195526203,0.5652630961100257,True
34.75,0.49964617428238245,0.5975451610080642,True
35.0,0.5065474961872405,0.6294095225512601,True
35.25,0.5133536289647521,0.6607197326515808,True
35.5,0.520065885547438,0.6913417161825446,True
35.75,0.5266855607586942,0.7211443451095005,True
36.0,0.5332139315625684,0.75,True
36.25,0.5396522573100921,0.7777851165098009,True
36.5,0.5460017799822157,0.80438071450436,True
36.75,0.5522637244293908,0.8296729075500345,True
37.0,0.5584392986078499,0.8535533905932737,True
37.25,0.5645296938126263,0.8759199037394887,True
37.5,0.5705360849073597,0.8966766701456175,True
37.75,0.5764596305509332,0.9157348061512725,True
38.0,0.5823014734209828,0.9330127018922192,True
38.25,0.5880627404343254,0.9484363707663441,True
38.5,0.5937445429643458,0.9619397662556435,True
38.75,0.5993479770553856,0.9734650647475528,True
39.0,0.6048741236341744,0.9829629131445341,True
39.25,0.610324048718346,0.9903926402016152,True
39.5,0.6156988036220772,0.9957224306869052,True
39.75,0.6209994251588912,0.9989294616193017,True
40.0,0.6262269358416632,1.0,False
40.25,0.5882857638153148,0.9989294616193019,False
40.5,0.55264333119531,0.9957224306869052,False
40.75,0.5191603644016283,0.9903926402016152,False
41.0,0.4877060280138938,0.9829629131445341,False
41.25,0.4581574135291268,0.9734650647475529,False
41.5,0.4303990590940972,0.9619397662556435,False
41.75,0.404322498335624,0.9484363707663442,False
42.0,0.37982583652586505,0.9330127018922193,False
42.25,0.35681335242645346,0.9157348061512725,False
42.5,0.3351951242556788,0.8966766701456177,False
42.75,0.3148866783171708,0.8759199037394889,False
43.0,0.2958086589170951,0.8535533905932738,False
43.25,0.2778865182800551,0.8296729075500348,False
43.5,0.2610502252520395,0.8043807145043602,False
43.75,0.24523399165216622,0.7777851165098011,False
44.0,0.23037601520393583,0.7500000000000002,False
44.25,0.21641823804149324,0.7211443451095008,False
44.5,0.20330611984725505,0.6913417161825453,False
44.75,0.19098842473443345,0.6607197326515806,False
45.0,0.17941702104169513,0.6294095225512604,False
45.25,0.16854669325764865,0.5975451610080644,False
45.5,0.15833496534025113,0.5652630961100259,False
45.75,0.14874193474075084,0.5327015646150719,False
46.0,0.1397301164836109,0.5000000000000006,False
46.25,0.13126429669315265,0.46729843538492843,False
46.5,0.12331139499457133,0.43473690388997444,False
46.75,0.11584033525165256,0.40245483899193635,False
47.0,0.10882192413609479,0.3705904774487399,False
47.25,0.10222873705394452,0.3392802673484193,False
47.5,0.09603501098339948,0.3086582838174551,False
47.75,0.09021654380524109,0.2788556548904991,False
48.0,0.08475059973252765,0.2500000000000004,True
48.25,0.09737452786061751,0.22221488349019913,True
48.5,0.10982433562180349,0.19561928549563973,True
48.75,0.12210242463797871,0.17032709244996552,True
49.0,0.13421116340574601,0.14644660940672605,True
49.25,0.14615288775331114,0.12408009626051159,True
49.5,0.15792990129107398,0.10332332985438258,True
49.75,0.16954447585600507,0.08426519384872744,True
50.0,0.18099885194989307,0.06698729810778059,True
50.25,0.19229523917154678,0.051563629233655706,True
50.5,0.20343581664303667,0.0380602337443568,True
50.75,0.2144227334300569,0.02653493525244721,True
51.0,0.22525810895648957,0.017037086855465844,True
51.25,0.2359440334132502,0.009607359798384896,True
51.5,0.2464825681614955,0.004277569313094753,True
51.75,0.256875746130268,0.0010705383806982605,True
52.0,0.2671255722086575,0.0,True
52.25,0.2772340236325527,0.0010705383806982605,True
52.5,0.2872030503660583,0.004277569313094698,True
52.75,0.2970345754776519,0.00960735979838484,True
53.0,0.30673049551115195,0.01703708685546579,True
53.25,0.3162926808515697,0.0265349352524471,True
53.5,0.32572297608591394,0.03806023374435663,True
53.75,0.33502320035902056,0.05156362923365554,True
54.0,0.3441951477244728,0.06698729810778042,True
54.25,0.35324058749068243,0.08426519384872722,True
54.5,0.36216126456219677,0.10332332985438236,True
54.75,0.3709588997762985,0.12408009626051136,True
55.0,0.3796351902349625,0.14644660940672577,True
55.25,0.3881918096322343,0.17032709244996525,True
55.5,0.39663040857709275,0.19561928549563945,True
55.75,0.40495261491185985,0.2222148834901988,True
56.0,0.4131600340262185,0.2500000000000001,True
56.25,0.421254249166899,0.2788556548904988,True
56.5,0.4292368217430945,0.30865828381745475,True
56.75,0.4371092916276633,0.339280267348419,True
57.0,0.4448731774541772,0.37059047744873874,True
57.25,0.4525299769098724,0.4024548389919351,True
57.5,0.46008116702456003,0.4347369038899745,True
57.75,0.4675282044555512,0.46729843538492893,True
58.0,0.47487252576865313,0.4999999999999998,True
58.25,0.4821155477152882,0.5327015646150715,True
58.5,0.48925866750579206,0.565263096110026,True
58.75,0.49630326307894135,0.5975451610080635,True
59.0,0.5032506933677638,0.62940952255126,True
59.25,0.5101022985616828,0.6607197326515806,True
59.5,0.5168594003650453,0.691341716182544,True
59.75,0.5235233022520845,0.7211443451095,True
60.0,0.5300952897183658,0.7499999999999996,True
60.25,0.5365766305287643,0.7777851165098015,True
60.5,0.5429685749620219,0.8043807145043602,True
60.75,0.5492723560519324,0.8296729075500344,True
61.0,0.5554891898251977,0.853553390593274,True
61.25,0.5616202755360059,0.8759199037394884,True
61.5,0.567666795897372,0.8966766701456175,True
61.75,0.5736299173092883,0.9157348061512726,True
62.0,0.579510790083728,0.933012701892219,True
62.25,0.585310548666546,0.9484363707663439,True
62.5,0.5910303118563177,0.9619397662556433,True
62.75,0.5966711830201605,0.973465064747553,True
63.0,0.6022342503065778,0.9829629131445341,True
63.25,0.6077205868553679,0.9903926402016152,True
63.5,0.6131312510046368,0.9957224306869052,True
63.75,0.618467286494957,0.9989294616193017,True
64.0,0.6237297226707088,1.0,False
64.25,0.5859398491418905,0.9989294616193017,False
64.5,0.5504395483068493,0.9957224306869052,False
64.75,0.5170901019686034,0.9903926402016153,False
65.0,0.48576119644085825,0.9829629131445343,False
65.25,0.45633041334444513,0.9734650647475531,False
65.5,0.4286827512548446,0.9619397662556434,False
65.75,0.402710176331621,0.9484363707663441,False
66.0,0.37831120017384295,0.9330127018922192,False
66.25,0.35539048325195177,0.9157348061512729,False
66.5,0.3338584623664773,0.8966766701456177,False
66.75,0.31363100067789,0.8759199037394887,False
67.0,0.29462905894007196,0.8535533905932743,False
67.25,0.27677838665274507,0.8296729075500349,False
67.5,0.2600092319260277,0.8043807145043607,False
67.75,0.24425606892340906,0.777785116509802,False
68.0,0.22945734181811916,0.75,False
68.25,0.21555522426239798,0.7211443451095004,False
68.5,0.20249539342978495,0.6913417161825446,False
68.75,0.19022681774749406,0.660719732651581,False
69.0,0.17870155748943425,0.6294095225512605,False
69.25,0.16787457745068785,0.5975451610080641,False
69.5,0.15770357097146873,0.5652630961100265,False
69.75,0.1481487946229298,0.532701564615072,False
70.0,0.13917291290885106,0.5000000000000002,False
70.25,0.1307408523763769,0.46729843538492943,False
70.5,0.12281966456573672,0.434736903889975,False
70.75,0.11537839726342246,0.40245483899193557,False
71.0,0.10838797355574165,0.3705904774487392,False
71.25,0.10182107821014529,0.33928026734841943,False
71.5,0.09565205094036304,0.3086582838174552,False
71.75,0.08985678613827705,0.27885565489049924,False
72.0,0.08441263868073431,0.2500000000000005,True
