criterion,hit_rate,false_alarm_rate
-4.0,0.9999989829167575,0.9994229749576092
-3.9,0.9999983403248556,0.9991836476871714
-3.8,0.9999973177042203,0.9988557931689773
-3.7,0.99999570648553,0.9984111303526351
-3.6,0.9999931931234007,0.9978140385450868
-3.5,0.9999893114742251,0.9970202367649454
-3.4,0.9999833762362704,0.9959754114572417
-3.3,0.9999743911835259,0.9946138540459333
-3.2,0.9999609244034022,0.9928571892647287
-3.1,0.999940941087581,0.9906132944651614
-3.0,0.9999115827147992,0.9877755273449553
-2.9,0.9998688798455795,0.9842223926089095
-2.8,0.9998073844243643,0.9798177845942956
-2.7,0.9997197067231838,0.9744119404783613
-2.6,0.999595942198136,0.9678432252043863
-2.5,0.9994229749576092,0.9599408431361829
-2.4,0.9991836476871714,0.9505285319663519
-2.3,0.9988557931689773,0.939429241997941
-2.2,0.9984111303526351,0.9264707403903516
-2.1,0.9978140385450868,0.9114920085625979
-2.0,0.9970202367649454,0.8943502263331446
-1.9,0.9959754114572417,0.8749280643628496
-1.8,0.9946138540459333,0.853140943624104
-1.7,0.9928571892647287,0.8289438736915182
-1.6,0.9906132944651614,0.8023374568773076
-1.5,0.9877755273449553,0.7733726476231317
-1.4,0.9842223926089095,0.7421538891941353
-1.3,0.9798177845942956,0.7088403132116536
-1.2,0.9744119404783613,0.6736447797120799
-1.1,0.9678432252043863,0.6368306511756191
-1.0,0.9599408431361829,0.5987063256829237
-0.9,0.9505285319663519,0.5596176923702425
-0.8,0.939429241997941,0.5199388058383725
-0.7,0.9264707403903516,0.4800611941616275
-0.6,0.9114920085625979,0.4403823076297575
-0.5,0.8943502263331446,0.4012936743170763
-0.4,0.8749280643628496,0.363169348824381
-0.3,0.853140943624104,0.3263552202879201
-0.2,0.8289438736915182,0.29115968678834636
-0.1,0.8023374568773076,0.2578461108058647
0.0,0.7733726476231317,0.22662735237686826
0.1,0.7421538891941353,0.19766254312269238
0.2,0.7088403132116536,0.17105612630848177
0.3,0.6736447797120799,0.14685905637589602
0.4,0.636830651175619,0.12507193563715036
0.5,0.5987063256829237,0.10564977366685535
0.6,0.5596176923702425,0.08850799143740207
0.7,0.5199388058383725,0.0735292596096484
0.8,0.4800611941616275,0.06057075800205902
0.9,0.4403823076297575,0.0494714680336481
1.0,0.4012936743170763,0.040059156863817114
1.1,0.3631693488243809,0.03215677479561374
1.2,0.3263552202879201,0.025588059521638673
1.3,0.29115968678834636,0.020182215405704418
1.4,0.2578461108058647,0.015777607391090465
1.5,0.22662735237686826,0.012224472655044671
1.6,0.19766254312269238,0.009386705534838558
1.7,0.17105612630848177,0.007142810735271343
1.8,0.14685905637589602,0.005386145954066723
1.9,0.12507193563715036,0.004024588542758334
2.0,0.10564977366685535,0.0029797632350545555
2.1,0.08850799143740207,0.0021859614549132322
2.2,0.0735292596096484,0.0015888696473649322
2.3,0.06057075800205902,0.001144206831022676
2.4,0.0494714680336481,0.0008163523128286165
2.5,0.040059156863817114,0.0005770250423907664
2.6,0.03215677479561374,0.00040405780186403284
2.7,0.025588059521638673,0.0002802932768162236
2.8,0.020182215405704418,0.00019261557563565734
2.9,0.015777607391090465,0.0001311201544205165
3.0,0.012224472655044671,8.841728520081471e-05
3.1,0.009386705534838558,5.905891241897443e-05
3.2,0.007142810735271343,3.907559659777071e-05
3.3,0.005386145954066723,2.560881647406532e-05
3.4,0.004024588542758334,1.662376372957297e-05
3.5,0.0029797632350545555,1.0688525774904534e-05
3.6,0.0021859614549132322,6.8068765992634894e-06
3.7,0.0015888696473649322,4.293514469955184e-06
3.8,0.001144206831022676,2.682295779710131e-06
3.9,0.0008163523128286165,1.6596751444275526e-06
4.0,0.0005770250423907664,1.017083242516037e-06
