time_ms,excitatory_x1,opponent_x1
0.0,1.0,1.0
0.5,0.9757488344064423,0.974871055483642
1.0,0.9529421511903482,0.9495177251388662
1.5,0.9315033843518173,0.923988660742998
2.0,0.9113600689946171,0.8983304026698155
2.5,0.8924436218746987,0.8725874136437889
3.0,0.8746891336927215,0.8468021139382202
3.5,0.8580351725021054,0.8210149178945162
4.0,0.8424235976377648,0.7952642716438441
4.5,0.8277993836025133,0.7695866919164264
5.0,0.8141104533782554,0.7440168058277086
5.5,0.8013075206576019,0.718587391534582
6.0,0.7893439405185295,0.6933294196587592
6.5,0.7781755680902621,0.6682720953782814
7.0,0.7677606247827222,0.6434429010919649
7.5,0.7580595716747903,0.618867639565392
8.0,0.7490349896782701,0.5945704774707881
8.5,0.7406514661149585,0.5705739892368172
9.0,0.7328754873636281,0.5468992011279638
9.5,0.7256753372520849,0.5235656354767431
10.0,0.7190210008868635,0.5005913549954991
10.5,0.7128840736295593,0.47799300709800474
11.0,0.7072376749443793,0.4557858681644623
11.5,0.7020563668562307,0.43398388768683427
12.0,0.6973160767726129,0.41259973223467705
12.5,0.6929940244357865,0.39164482918484556
13.0,0.6890686527841882,0.3711294101615414
13.5,0.6855195625138917,0.3510625541362257
14.0,0.6823274501421026,0.3314522301398787
14.5,0.6794740493852829,0.3123053395429883
15.0,0.6769420756745186,0.29362775786146533
15.5,0.6747151736402462,0.2754243760494271
16.0,0.6727778674074304,0.2576991412424603
16.5,0.6711155135507937,0.2404550969175661
17.0,0.6697142565677485,0.2236944224385044
17.5,0.6685609867342928,0.20741847195769714
18.0,0.6676433002163515,0.19162781264821063
18.5,0.6669494613158602,0.17632226224162767
19.0,0.6664683667373531,0.1615009258498302
19.5,0.6661895117669286,0.1471622320508512
20.0,0.6661029582612519,0.1333039682210174
20.5,0.6661993043497322,0.11992331509759058
21.0,0.6664696557581944,0.10701688055803099
21.5,0.6669055986672705,0.09458073260385032
22.0,0.6674991740233837,0.08261043153878571
22.5,0.6682428532245873,0.07110106133273404
23.0,0.669129515107688,0.06004726016450436
23.5,0.6701524241670096,0.049443250138015836
24.0,0.6713052099388954,0.039282866168052336
24.5,0.6725818474895554,0.029559584033113998
25.0,0.6739766389472245,0.02026654759426352
25.5,0.6754841960227351,0.011396595180158828
26.0,0.6770994234656196,0.0029422851396947018
26.5,0.6788175034056709,-0.0051040794351539555
27.0,0.6806338805325832,-0.012750426812590684
27.5,0.6825442480688158,-0.02000489354560688
28.0,0.6845445344932406,-0.026875802212208297
28.5,0.6866308909753882,-0.03337163996458452
29.0,0.6887996794822699,-0.039501037879675294
29.5,0.691047461521781,-0.045272751102759974
30.0,0.6933709874886214,-0.05069563977492719
30.5,0.6957671865804899,-0.05577865073456116
31.0,0.6982331572540321,-0.06053079998231061
31.5,0.7007661581916643,-0.0649611558983858
32.0,0.7033635997519244,-0.06907882320045237
32.5,0.7060230358774866,-0.07289292762986314
33.0,0.7087421564363371,-0.0764126013534819
33.5,0.7115187799729404,-0.07964696906791242
34.0,0.7143508468474494,-0.08260513479254254
34.5,0.7172364127421971,-0.08529616933745232
35.0,0.7201736425158174,-0.08772909843191316
35.5,0.7231608043863844,-0.0899128914989147
36.0,0.726196264425976,-0.09185645106091109
36.5,0.7292784813499835,-0.09356860276175602
37.0,0.7324060015854046,-0.09505808598961696
37.5,0.7355774546031837,-0.09633354508550426
38.0,0.738791548500475,-0.09740352112193035
38.5,0.742047065819452,-0.09827644423612114
39.0,0.7453428595900037,-0.09896062650213645
39.5,0.7486778495843409,-0.09946425532621841
40.0,0.7520510187721695,-0.09979538734967267
40.5,0.7554614099656988,-0.09996194284359772
41.0,0.7589081226443299,-0.09997170057981225
41.5,0.7623903099494037,-0.09983229316238368
42.0,0.7659071758399105,-0.09955120280423815
42.5,0.7694579724005534,-0.09913575753342671
43.0,0.7730419972940038,-0.09859312781373489
43.5,0.7766585913496407,-0.09793032356445494
44.0,0.7803071362814648,-0.09715419156428508
44.5,0.7839870525282826,-0.09627141322448389
45.0,0.7876977972096103,-0.09528850271658192
45.5,0.79143886219111,-0.09421180544014399
46.0,0.7952097722536954,-0.0930474968162764
46.5,0.7990100833607622,-0.09180158139278698
47.0,0.8028393810182898,-0.09047989224712881
47.5,0.8066972787228469,-0.08908809067349312
48.0,0.8105834164927963,-0.08763166614065829
48.5,0.8144974594782499,-0.08611593650745308
49.0,0.8184390966455568,-0.08454604848294904
49.5,0.8224080395323385,-0.0829269783187628
50.0,0.8264040210692961,-0.08126353272111769
50.5,0.8304267944652186,-0.07956034997059103
51.0,0.8344761321518085,-0.07782190123775233
51.5,0.8385518247851249,-0.07605249208318197
52.0,0.842653680300615,-0.07425626413064734
52.5,0.8467815230188701,-0.07243719690250225
53.0,0.850935192799387,-0.07059910980666888
53.5,0.8551145442397683,-0.06874566426485351
54.0,0.8593194459179359,-0.0668803659719433
54.5,0.8635497796750463,-0.06500656727682534
55.0,0.8678054399369425,-0.06312746967516544
55.5,0.8720863330720708,-0.061246126404978764
56.0,0.8763923767839169,-0.059365445136118494
56.5,0.8807234995361131,-0.05748819074510219
57.0,0.8850796400084723,-0.05561698816698674
57.5,0.8894607465822896,-0.053754325316292366
58.0,0.8938667768533484,-0.051902556069264145
58.5,0.8982976971711495,-0.05006390330004396
59.0,0.9027534822029623,-0.04824046196360748
59.5,0.907234114521366,-0.046434202218600826
60.0,0.9117395842140281,-0.044646972583485586
60.5,0.9162698885145314,-0.04288050311967419
61.0,0.9208250314531194,-0.04113640863560461
61.5,0.9254050235263028,-0.03941619190596776
62.0,0.9300098813843104,-0.03772124690056081
62.5,0.9346396275354352,-0.03605286201749413
63.0,0.9392942900663692,-0.03441222331573142
63.5,0.9439739023776796,-0.03280041774218717
64.0,0.9486785029336046,-0.031218436348847495
64.5,0.9534081350254139,-0.029667177495616003
65.0,0.9581628465476033,-0.02814745003481708
65.5,0.9629426897862425,-0.02665997647351506
66.0,0.9677477212188187,-0.025205396110027728
66.5,0.9725780013249699,-0.023784268141227694
67.0,0.9774335944075181,-0.022397074737435026
67.5,0.9823145684232656,-0.021044224081907887
68.0,0.9872209948230103,-0.019726053372137838
68.5,0.9921529484003107,-0.018442831780348053
69.0,0.9971105071485228,-0.017194763370781255
69.5,1.0020937521256619,-0.015981989971546023
70.0,1.007102767326682,-0.014804593998965889
70.5,1.0121376395627693,-0.013662601232547455
71.0,1.017198458347285,-0.012555983538848221
71.5,1.022285315787983,-0.011484661542685532
72.0,1.0273983064851917,-0.010448507244281447
72.5,1.0325375274356225,-0.009447346581088046
73.0,1.0377030779415215,-0.008480961933180757
73.5,1.0428950595248563,-0.007549094571245879
74.0,1.0481135758463005,-0.006651447046320561
74.5,1.0533587326287235,-0.00578768552057252
75.0,1.058630637584988,-0.004957442038527346
75.5,1.0639294003497795,-0.004160316738270971
76.0,1.0692551324152937,-0.0033958800022649335
76.5,1.0746079470705474,-0.0026636745475214314
77.0,1.079987959344139,-0.0019632174549863066
77.5,1.0853952859502607,-0.001294002138076827
78.0,1.0908300452378037,-0.0006555002504136927
78.5,1.0962923571423728,-4.7163532875662584e-05
79.0,1.1017823431410794,0.0005315743998114213
79.5,1.1073001262099431,0.001081296332659208
80.0,1.1128458307837812,0.0016025997838082324
80.5,1.1184195827184347,0.002096095397287824
81.0,1.1240215092552295,0.002562405394639882
81.5,1.1296517389875356,0.003002162084838441
82.0,1.1353104018293216,0.0034160064318780126
82.5,1.1409976289855972,0.003804586679348946
83.0,1.1467135529246413,0.004168557031265751
83.5,1.152458307351929,0.004508576388367407
84.0,1.1582320271856574,0.004825307139063407
84.5,1.1640348485337897,0.005119414004158748
85.0,1.1698669086725422,0.005391562934453489
85.5,1.1757283460262298,0.005642420060277487
86.0,1.1816193001484043,0.005872650691989998
86.5,1.187539911704218,0.006082918370445038
87.0,1.1934903224539364,0.006273883966397798
87.5,1.1994706752375632,0.006446204827804989
88.0,1.2054811139604922,0.0066005339739511615
88.5,1.2115217835801502,0.006737519335316146
89.0,1.2175928300935726,0.0068578030380832215
89.5,1.2236944005258652,0.006962020732175022
90.0,1.2298266429195022,0.0070508009616937735
90.5,1.2359897063244207,0.007124764576634095
91.0,1.2421837407888652,0.007184524184730431
91.5,1.2484088973509542,0.007230683642297091
92.0,1.2546653280309148,0.007263837582916352
92.5,1.2609531858239644,0.007284570982829831
93.0,1.2672726246938006,0.007293458761889479
93.5,1.2736237995666668,0.007291065418927404
94.0,1.2800068663259654,0.007277944700408262
94.5,1.2864219818073943,0.007254639301233792
95.0,1.2928693037945724,0.007221680596576425
95.5,1.2993489910151288,0.007179588403627506
96.0,1.305861203137248,0.007128870772155563
96.5,1.3124061007666246,0.007070023802780964
97.0,1.318983845443821,0.0070035314918856055
97.5,1.3255945996420093,0.006929865602089204
98.0,1.332238526765066,0.006849485557238002
98.5,1.3389157911460157,0.006762838360866539
99.0,1.3456265580457971,0.006670358537108995
99.5,1.3523709936523358,0.0065724680930531075
100.0,1.3591492650799177,0.006469576501546866
