sample,model,observed_nJ,predicted_nJ
210,resource_only,2.5356605749091807,2.635592875255435
211,resource_only,1.0087388815315081,1.1641889242292476
212,resource_only,3.4483564257304242,2.79674292719489
213,resource_only,3.4377613561477043,3.6720779675046793
214,resource_only,1.9069741046133373,1.4843594132931028
215,resource_only,2.2591865048996196,2.619811789992686
216,resource_only,2.828670326713707,3.197386000096227
217,resource_only,1.4353151004740659,1.7276719467912884
218,resource_only,4.974615477898449,4.156126034489855
219,resource_only,3.0445546031022714,2.67155177383933
220,resource_only,2.45945924352449,2.6332617977163313
221,resource_only,4.6735857554329145,4.572541454465434
222,resource_only,1.8001774027805872,1.6276274627926821
223,resource_only,2.0515196196134977,2.340682716313073
224,resource_only,2.012913440700112,1.857984576079168
225,resource_only,2.180612776135653,1.582981363846538
226,resource_only,2.218389142422715,2.4463388600273825
227,resource_only,4.058194187116099,4.374742133104917
228,resource_only,1.3100157143326772,1.2568135237938558
229,resource_only,2.5427065264746562,2.8734611770670035
230,resource_only,3.4002271128592114,3.4324151298513206
231,resource_only,3.9723843662082863,4.065438531885891
232,resource_only,3.7153125530939444,2.763242502585158
233,resource_only,4.582665442014187,3.676036060493118
234,resource_only,3.0648521566743776,3.2614201288476603
235,resource_only,2.013525819598541,2.283096737255369
236,resource_only,3.066505510736518,3.2566701498795148
237,resource_only,2.588385891141613,2.5060831530813354
238,resource_only,1.6262194933161,1.8300433964504612
239,resource_only,3.0741420025710227,2.7900118979758926
240,resource_only,2.2031741181850824,2.5415882988900607
241,resource_only,2.359678911998378,2.203053434959074
242,resource_only,1.8526890675191836,2.338614350053923
243,resource_only,2.4359619995369304,2.8860301691002026
244,resource_only,4.39526295837487,2.8628502009761956
245,resource_only,3.9706611849736664,4.349669121825677
246,resource_only,2.241597853034644,2.3007909590706013
247,resource_only,1.49571693119419,1.97149806560987
248,resource_only,1.3606195873166524,1.56965218555283
249,resource_only,2.2362459863558084,1.6196080508017032
250,resource_only,3.4739146703777704,2.868776241812588
251,resource_only,3.7234470381663796,4.14942784717763
252,resource_only,3.6441403742822507,3.149454359360995
253,resource_only,4.400974439364358,3.9466378186920896
254,resource_only,1.587433907510504,1.5008745562537524
255,resource_only,1.97158629453628,2.238320656626648
256,resource_only,3.2697669234251867,3.583792829040826
257,resource_only,2.2486834463950527,2.4081712296659954
258,resource_only,2.4988250398094385,2.3954159385851437
259,resource_only,0.935019937538915,1.3227207901941962
260,resource_only,4.295239672061165,4.258886147145368
261,resource_only,1.7499454536529595,1.5390470302597699
262,resource_only,3.5634736659303146,3.152188361924454
263,resource_only,1.816369394610598,1.9778432730821578
264,resource_only,1.4216598041433035,1.5107061302366438
265,resource_only,3.6833759992832094,3.710578063856098
266,resource_only,2.4266407177972456,1.873542960732482
267,resource_only,2.668272127558489,2.434540817587576
268,resource_only,3.475189769386117,3.6391461290149203
269,resource_only,1.8490363232629412,1.6849714024353006
270,resource_only,3.6541642272034154,3.9762721860957457
271,resource_only,3.783177325249771,3.881108945601503
272,resource_only,2.8337731632002785,2.866964491171699
273,resource_only,1.5888637773518985,1.7937768730006476
274,resource_only,3.7427819444142045,3.7899067221822063
275,resource_only,3.9897352972694,3.9243139795566866
276,resource_only,1.0023709629070967,1.2702013450756744
277,resource_only,2.064170371096661,2.4307031009923143
278,resource_only,2.3509927572086267,2.2561729074402077
279,resource_only,2.1020730710818327,1.8391709765528454
280,resource_only,2.3889397113132866,1.7343408451218054
281,resource_only,3.0349483343801436,3.2710697138312743
282,resource_only,3.64133113880989,3.042648523537056
283,resource_only,1.5122053001828148,1.7157106210452102
284,resource_only,1.4822694306096669,1.78807697828556
285,resource_only,1.5404486679993752,1.6126549355459376
286,resource_only,1.4672649749967406,1.8759851634939566
287,resource_only,1.4624913136805244,1.5319504950140108
288,resource_only,2.4240195192646286,2.393730667834169
289,resource_only,0.9972034215889889,1.285862104677566
290,resource_only,2.1386410556178035,1.795390560755759
291,resource_only,2.1161700636830845,2.4001011166610287
292,resource_only,3.7611045617098435,3.302639458670699
293,resource_only,3.859407245199347,4.310256889226973
294,resource_only,2.1650023352660868,2.5466288356978666
295,resource_only,3.9746804203980552,3.003517018062422
296,resource_only,4.0741815510953066,3.8822878421025644
297,resource_only,2.302519694838099,2.343077936748911
298,resource_only,3.3741468771189487,3.7834975470528946
299,resource_only,2.19204692762778,2.2795959874870073
210,candidate_term,2.5356605749091807,2.4467317505165833
211,candidate_term,1.0087388815315081,0.9904358940345737
212,candidate_term,3.4483564257304242,3.2985026657940204
213,candidate_term,3.4377613561477043,3.4332973310065924
214,candidate_term,1.9069741046133373,1.9998765484002845
215,candidate_term,2.2591865048996196,2.3453279624309986
216,candidate_term,2.828670326713707,2.893104701703166
217,candidate_term,1.4353151004740659,1.3938355525087645
218,candidate_term,4.974615477898449,4.862359509108108
219,candidate_term,3.0445546031022714,2.986661624413567
220,candidate_term,2.45945924352449,2.278638810002881
221,candidate_term,4.6735857554329145,4.563343267941742
222,candidate_term,1.8001774027805872,1.5686695524293968
223,candidate_term,2.0515196196134977,2.116465409268917
224,candidate_term,2.012913440700112,1.9673086983924697
225,candidate_term,2.180612776135653,2.160683049990061
226,candidate_term,2.218389142422715,2.2325024338100867
227,candidate_term,4.058194187116099,4.145998467548658
228,candidate_term,1.3100157143326772,1.409462379558775
229,candidate_term,2.5427065264746562,2.5667200131896797
230,candidate_term,3.4002271128592114,3.354743151437959
231,candidate_term,3.9723843662082863,3.867369245124814
232,candidate_term,3.7153125530939444,3.8152587225836743
233,candidate_term,4.582665442014187,4.501784193257989
234,candidate_term,3.0648521566743776,2.9138013156705185
235,candidate_term,2.013525819598541,1.979451206237245
236,candidate_term,3.066505510736518,3.2253827056249618
237,candidate_term,2.588385891141613,2.400798728355731
238,candidate_term,1.6262194933161,1.565442154786868
239,candidate_term,3.0741420025710227,3.1702076976997384
240,candidate_term,2.2031741181850824,2.247334061705461
241,candidate_term,2.359678911998378,2.224018138994925
242,candidate_term,1.8526890675191836,2.020510840017441
243,candidate_term,2.4359619995369304,2.6838955948353704
244,candidate_term,4.39526295837487,4.330152469559907
245,candidate_term,3.9706611849736664,4.00777665896512
246,candidate_term,2.241597853034644,2.1687008972661137
247,candidate_term,1.49571693119419,1.6369809053425948
248,candidate_term,1.3606195873166524,1.2859811509949897
249,candidate_term,2.2362459863558084,2.079856220772511
250,candidate_term,3.4739146703777704,3.3866466109580804
251,candidate_term,3.7234470381663796,3.8674813478194965
252,candidate_term,3.6441403742822507,3.62561240893558
253,candidate_term,4.400974439364358,4.440700024487517
254,candidate_term,1.587433907510504,1.4697155774449109
255,candidate_term,1.97158629453628,2.0933557969219283
256,candidate_term,3.2697669234251867,3.2761617051125955
257,candidate_term,2.2486834463950527,2.1093884100629117
258,candidate_term,2.4988250398094385,2.508360229385936
259,candidate_term,0.935019937538915,1.0394079051134666
260,candidate_term,4.295239672061165,4.409911616472754
261,candidate_term,1.7499454536529595,1.513268112896157
262,candidate_term,3.5634736659303146,3.5070390491541485
263,candidate_term,1.816369394610598,1.7427668098941562
264,candidate_term,1.4216598041433035,1.4024356102332494
265,candidate_term,3.6833759992832094,3.6816401086016075
266,candidate_term,2.4266407177972456,2.289663690487353
267,candidate_term,2.668272127558489,2.7368108031559033
268,candidate_term,3.475189769386117,3.4143681472971323
269,candidate_term,1.8490363232629412,1.879284135956007
270,candidate_term,3.6541642272034154,3.6807750347565595
271,candidate_term,3.783177325249771,3.6046206381054207
272,candidate_term,2.8337731632002785,2.8873494906564057
273,candidate_term,1.5888637773518985,1.5494406226302533
274,candidate_term,3.7427819444142045,3.5560808137381668
275,candidate_term,3.9897352972694,3.9008953562994373
276,candidate_term,1.0023709629070967,1.0898285833362917
277,candidate_term,2.064170371096661,2.1463222603548604
278,candidate_term,2.3509927572086267,2.3368666974493317
279,candidate_term,2.1020730710818327,1.9737910003752472
280,candidate_term,2.3889397113132866,2.340445941942423
281,candidate_term,3.0349483343801436,2.9682155418553227
282,candidate_term,3.64133113880989,3.5892271117667476
283,candidate_term,1.5122053001828148,1.4195661757998967
284,candidate_term,1.4822694306096669,1.5189522451999486
285,candidate_term,1.5404486679993752,1.4211487414501685
286,candidate_term,1.4672649749967406,1.5458808855668325
287,candidate_term,1.4624913136805244,1.245062593692323
288,candidate_term,2.4240195192646286,2.3341443854039587
289,candidate_term,0.9972034215889889,1.109393526205961
290,candidate_term,2.1386410556178035,2.163338608958971
291,candidate_term,2.1161700636830845,2.070592201937651
292,candidate_term,3.7611045617098435,3.540697449154923
293,candidate_term,3.859407245199347,3.9340236443443963
294,candidate_term,2.1650023352660868,2.2118120527700857
295,candidate_term,3.9746804203980552,3.8817229000393585
296,candidate_term,4.0741815510953066,4.052187125195796
297,candidate_term,2.302519694838099,2.2852393503184896
298,candidate_term,3.3741468771189487,3.4147156345316185
299,candidate_term,2.19204692762778,2.04706119250444
