time_ms,observed_a,observed_b,selective_a,selective_b
0.0,1.0,1.0,0.2,0.8
1.0,0.9512294245007141,0.951229424500714,0.19024588490014283,0.7609835396005713
2.0,0.9048374180359596,0.9048374180359595,0.18096748360719192,0.7238699344287677
3.0,0.8607079764250579,0.8607079764250578,0.17214159528501158,0.6885663811400463
4.0,0.8187307530779819,0.8187307530779819,0.1637461506155964,0.6549846024623855
5.0,0.778800783071405,0.778800783071405,0.155760156614281,0.623040626457124
6.0,0.740818220681718,0.7408182206817179,0.1481636441363436,0.5926545765453743
7.0,0.7046880897187134,0.7046880897187133,0.14093761794374268,0.5637504717749707
8.0,0.6703200460356394,0.6703200460356393,0.13406400920712788,0.5362560368285115
9.0,0.6376281516217734,0.6376281516217733,0.12752563032435468,0.5101025212974187
10.0,0.6065306597126334,0.6065306597126334,0.1213061319425267,0.4852245277701068
11.0,0.5769498103804866,0.5769498103804866,0.11538996207609734,0.46155984830438934
12.0,0.5488116360940264,0.5488116360940264,0.10976232721880529,0.43904930887522114
13.0,0.522045776761016,0.522045776761016,0.10440915535220321,0.41763662140881286
14.0,0.4965853037914095,0.4965853037914095,0.09931706075828191,0.39726824303312763
15.0,0.47236655274101474,0.4723665527410147,0.09447331054820295,0.3778932421928118
16.0,0.44932896411722156,0.44932896411722156,0.08986579282344431,0.35946317129377725
17.0,0.4274149319487267,0.4274149319487267,0.08548298638974534,0.3419319455589814
18.0,0.4065696597405991,0.4065696597405991,0.08131393194811982,0.3252557277924793
19.0,0.3867410234545013,0.38674102345450123,0.07734820469090026,0.30939281876360103
20.0,0.36787944117144233,0.36787944117144233,0.07357588823428847,0.2943035529371539
21.0,0.3499377491111554,0.3499377491111553,0.06998754982223107,0.2799501992889243
22.0,0.3328710836980796,0.33287108369807955,0.06657421673961592,0.26629686695846366
23.0,0.31663676937905333,0.3166367693790533,0.06332735387581066,0.25330941550324265
24.0,0.30119421191220214,0.30119421191220214,0.06023884238244043,0.2409553695297617
25.0,0.28650479686019015,0.2865047968601901,0.057300959372038024,0.2292038374881521
26.0,0.2725317930340126,0.2725317930340126,0.05450635860680252,0.2180254344272101
27.0,0.2592402606458915,0.2592402606458915,0.051848052129178306,0.20739220851671322
28.0,0.24659696394160652,0.2465969639416065,0.0493193927883213,0.1972775711532852
29.0,0.23457028809379765,0.23457028809379765,0.04691405761875953,0.18765623047503813
30.0,0.22313016014842982,0.22313016014842982,0.044626032029685965,0.17850412811874386
31.0,0.21224797382674304,0.21224797382674304,0.04244959476534861,0.16979837906139444
32.0,0.20189651799465538,0.20189651799465538,0.04037930359893108,0.1615172143957243
33.0,0.19204990862075416,0.19204990862075416,0.03840998172415083,0.15363992689660333
34.0,0.18268352405273466,0.18268352405273464,0.03653670481054693,0.14614681924218773
35.0,0.17377394345044514,0.17377394345044514,0.03475478869008903,0.13901915476035612
36.0,0.16529888822158653,0.16529888822158653,0.033059777644317306,0.13223911057726923
37.0,0.15723716631362764,0.1572371663136276,0.031447433262725526,0.1257897330509021
38.0,0.14956861922263506,0.14956861922263506,0.029913723844527014,0.11965489537810806
39.0,0.14227407158651362,0.1422740715865136,0.02845481431730272,0.11381925726921088
40.0,0.1353352832366127,0.1353352832366127,0.027067056647322542,0.10826822658929017
41.0,0.12873490358780423,0.12873490358780423,0.025746980717560847,0.10298792287024339
42.0,0.12245642825298192,0.12245642825298192,0.024491285650596384,0.09796514260238554
43.0,0.11648415777349697,0.11648415777349697,0.023296831554699395,0.09318732621879758
44.0,0.11080315836233388,0.11080315836233387,0.022160631672466777,0.08864252668986711
45.0,0.10539922456186435,0.10539922456186433,0.02107984491237287,0.08431937964949147
46.0,0.10025884372280375,0.10025884372280375,0.02005176874456075,0.080207074978243
47.0,0.09536916221554961,0.09536916221554961,0.019073832443109923,0.07629532977243969
48.0,0.09071795328941251,0.09071795328941251,0.018143590657882503,0.07257436263153001
49.0,0.08629358649937051,0.0862935864993705,0.0172587172998741,0.0690348691994964
50.0,0.08208499862389881,0.0820849986238988,0.016416999724779762,0.06566799889911905
51.0,0.07808166600115317,0.07808166600115317,0.015616333200230634,0.062465332800922535
52.0,0.07427357821433388,0.07427357821433388,0.014854715642866776,0.059418862571467106
53.0,0.0706512130604296,0.0706512130604296,0.01413024261208592,0.05652097044834368
54.0,0.06720551273974976,0.06720551273974976,0.013441102547949953,0.05376441019179981
55.0,0.06392786120670757,0.06392786120670757,0.012785572241341515,0.05114228896536606
56.0,0.06081006262521797,0.06081006262521797,0.012162012525043595,0.04864805010017438
57.0,0.057844320874838456,0.057844320874838456,0.011568864174967691,0.046275456699870765
58.0,0.05502322005640724,0.05502322005640723,0.011004644011281447,0.04401857604512579
59.0,0.05233970594843238,0.05233970594843238,0.010467941189686476,0.041871764758745905
60.0,0.04978706836786395,0.049787068367863944,0.00995741367357279,0.03982965469429116
61.0,0.047358924391140936,0.04735892439114093,0.009471784878228187,0.03788713951291275
62.0,0.0450492023935578,0.045049202393557794,0.00900984047871156,0.03603936191484624
63.0,0.042852126867040194,0.04285212686704019,0.008570425373408038,0.034281701493632154
64.0,0.04076220397836622,0.04076220397836621,0.008152440795673243,0.03260976318269297
65.0,0.03877420783172201,0.03877420783172201,0.007754841566344402,0.03101936626537761
66.0,0.036883167401240015,0.036883167401240015,0.007376633480248003,0.029506533920992013
67.0,0.035084354100845025,0.035084354100845025,0.007016870820169005,0.02806748328067602
68.0,0.03337326996032608,0.03337326996032608,0.0066746539920652164,0.026698615968260866
69.0,0.03174563637806794,0.03174563637806794,0.006349127275613588,0.02539650910245435
70.0,0.0301973834223185,0.0301973834223185,0.0060394766844637,0.0241579067378548
71.0,0.028724639654239437,0.028724639654239433,0.005744927930847887,0.022979711723391548
72.0,0.027323722447292562,0.02732372244729256,0.0054647444894585125,0.02185897795783405
73.0,0.02599112877875535,0.025991128778755347,0.00519822575575107,0.02079290302300428
74.0,0.02472352647033939,0.024723526470339388,0.004944705294067878,0.019778821176271513
75.0,0.023517745856009107,0.023517745856009107,0.004703549171201821,0.018814196684807286
76.0,0.022370771856165605,0.0223707718561656,0.004474154371233121,0.017896617484932483
77.0,0.021279736438377172,0.02127973643837717,0.004255947287675434,0.017023789150701737
78.0,0.02024191144580439,0.020241911445804388,0.004048382289160878,0.016193529156643512
79.0,0.01925470177538692,0.01925470177538692,0.0038509403550773843,0.015403761420309537
80.0,0.01831563888873418,0.01831563888873418,0.003663127777746836,0.014652511110987344
81.0,0.017422374639493515,0.017422374639493515,0.003484474927898703,0.013937899711594813
82.0,0.016572675401761258,0.016572675401761255,0.0033145350803522513,0.013258140321409005
83.0,0.015764416484854486,0.015764416484854486,0.0031528832969708975,0.01261153318788359
84.0,0.014995576820477703,0.014995576820477703,0.0029991153640955407,0.011996461456382163
85.0,0.014264233908999257,0.014264233908999256,0.0028528467817998514,0.011411387127199406
86.0,0.013568559012200936,0.013568559012200934,0.002713711802440187,0.010854847209760748
87.0,0.012906812580479874,0.012906812580479873,0.002581362516095975,0.0103254500643839
88.0,0.012277339903068436,0.012277339903068436,0.0024554679806136873,0.009821871922454749
89.0,0.011678566970395442,0.011678566970395442,0.0023357133940790885,0.009342853576316354
90.0,0.011108996538242308,0.011108996538242306,0.0022217993076484614,0.008887197230593846
91.0,0.010567204383852655,0.010567204383852655,0.002113440876770531,0.008453763507082124
92.0,0.010051835744633586,0.010051835744633586,0.002010367148926717,0.008041468595706869
93.0,0.009561601930543505,0.009561601930543505,0.001912320386108701,0.007649281544434804
94.0,0.009095277101695816,0.009095277101695816,0.0018190554203391632,0.007276221681356653
95.0,0.008651695203120634,0.008651695203120634,0.001730339040624127,0.006921356162496508
96.0,0.00822974704902003,0.00822974704902003,0.0016459494098040061,0.0065837976392160245
97.0,0.007828377549225773,0.007828377549225773,0.0015656755098451547,0.006262702039380619
98.0,0.007446583070924339,0.007446583070924338,0.0014893166141848678,0.005957266456739471
99.0,0.007083408929052119,0.0070834089290521185,0.0014166817858104238,0.005666727143241695
100.0,0.006737946999085467,0.006737946999085467,0.0013475893998170934,0.005390357599268374
