reports,independent_effective_n,correlated_effective_n
1,1.0,1.0
2,2.0,1.25
3,3.0,1.3636363636363635
4,4.0,1.4285714285714286
5,5.0,1.4705882352941178
6,6.0,1.5
7,7.0,1.5217391304347827
8,8.0,1.5384615384615383
9,9.0,1.5517241379310345
10,10.0,1.5625000000000002
11,11.0,1.5714285714285714
12,12.0,1.5789473684210527
13,13.0,1.5853658536585367
14,14.0,1.5909090909090908
15,15.0,1.5957446808510638
16,16.0,1.6
17,17.0,1.6037735849056605
18,18.0,1.6071428571428572
19,19.0,1.6101694915254239
20,20.0,1.6129032258064515
21,21.0,1.6153846153846154
22,22.0,1.6176470588235294
23,23.0,1.619718309859155
24,24.0,1.6216216216216217
25,25.0,1.6233766233766236
26,26.0,1.625
27,27.0,1.6265060240963853
28,28.0,1.627906976744186
29,29.0,1.6292134831460674
30,30.0,1.6304347826086958
