trial,reward,value,prediction_error
0,1.0,0.08,1.0
1,1.0,0.15360000000000001,0.92
2,1.0,0.221312,0.8464
3,1.0,0.28360704000000003,0.778688
4,1.0,0.34091847680000004,0.71639296
5,1.0,0.39364499865600006,0.6590815232
6,1.0,0.44215339876352006,0.606355001344
7,1.0,0.48678112686243846,0.55784660123648
8,1.0,0.5278386367134433,0.5132188731375615
9,1.0,0.5656115457763679,0.47216136328655667
10,1.0,0.6003626221142584,0.43438845422363215
11,1.0,0.6323336123451178,0.3996373778857416
12,1.0,0.6617469233575083,0.36766638765488224
13,1.0,0.6888071694889076,0.3382530766424917
14,1.0,0.713702595929795,0.31119283051109237
15,1.0,0.7366063882554114,0.286297404070205
16,1.0,0.7576778771949785,0.26339361174458864
17,1.0,0.7770636470193802,0.24232212280502152
18,1.0,0.7948985552578298,0.22293635298061976
19,1.0,0.8113066708372034,0.20510144474217018
20,1.0,0.8264021371702271,0.18869332916279657
21,1.0,0.840289966196609,0.17359786282977285
22,1.0,0.8530667689008803,0.159710033803391
23,1.0,0.8648214273888098,0.1469332310991197
24,1.0,0.8756357131977051,0.13517857261119015
25,1.0,0.8855848561418886,0.12436428680229494
26,1.0,0.8947380676505375,0.11441514385811136
27,1.0,0.9031590222384945,0.10526193234946246
28,1.0,0.910906300459415,0.09684097776150546
29,1.0,0.9180337964226618,0.08909369954058499
30,1.0,0.9245910927088489,0.08196620357733819
31,1.0,0.930623805292141,0.07540890729115113
32,1.0,0.9361739008687697,0.06937619470785905
33,1.0,0.9412799887992681,0.06382609913123027
34,1.0,0.9459775896953266,0.05872001120073189
35,1.0,0.9502993825197005,0.05402241030467336
36,1.0,0.9542754319181245,0.049700617480299525
37,1.0,0.9579333973646745,0.04572456808187553
38,1.0,0.9612987255755006,0.04206660263532547
39,1.0,0.9643948275294605,0.03870127442449944
40,1.0,0.9672432413271036,0.035605172470539515
41,1.0,0.9698637820209353,0.0327567586728964
42,1.0,0.9722746794592605,0.03013621797906474
43,1.0,0.9744927051025196,0.027725320540739506
44,1.0,0.9765332886943181,0.02550729489748038
45,1.0,0.9784106255987727,0.023466711305681898
46,1.0,0.9801377755508709,0.021589374401227324
47,1.0,0.9817267535068013,0.019862224449129107
48,1.0,0.9831886132262572,0.018273246493198725
49,1.0,0.9845335241681566,0.01681138677374283
50,1.0,0.9857708422347041,0.015466475831843352
51,1.0,0.9869091748559278,0.014229157765295875
52,1.0,0.9879564408674536,0.013090825144072227
53,1.0,0.9889199255980573,0.0120435591325464
54,1.0,0.9898063315502127,0.011080074401942697
55,1.0,0.9906218250261957,0.010193668449787308
56,1.0,0.9913720790241,0.009378174973804332
57,1.0,0.9920623127021719,0.008627920975900039
58,1.0,0.9926973276859982,0.007937687297828067
59,1.0,0.9932815414711184,0.007302672314001835
60,1.0,0.9938190181534289,0.006718458528881643
61,1.0,0.9943134967011545,0.006180981846571121
62,1.0,0.9947684169650621,0.005686503298845458
63,1.0,0.9951869436078572,0.00523158303493787
64,1.0,0.9955719881192286,0.0048130563921428005
65,1.0,0.9959262290696903,0.004428011880771354
66,1.0,0.9962521307441151,0.004073770930309695
67,1.0,0.9965519602845859,0.0037478692558848836
68,1.0,0.9968278034618191,0.003448039715414075
69,1.0,0.9970815791848736,0.0031721965381809047
70,1.0,0.9973150528500837,0.002918420815126388
71,1.0,0.997529848622077,0.0026849471499162947
72,1.0,0.9977274607323109,0.0024701513779229467
73,1.0,0.997909263873726,0.002272539267689111
74,1.0,0.998076522763828,0.002090736126273973
75,1.0,0.9982304009427218,0.0019234772361720331
76,1.0,0.9983719688673041,0.0017695990572782483
77,1.0,0.9985022113579197,0.0016280311326959396
78,1.0,0.9986220344492861,0.0014977886420802777
79,1.0,0.9987322716933432,0.0013779655507139
80,1.0,0.9988336899578758,0.001267728306656779
81,1.0,0.9989269947612457,0.0011663100421241968
82,1.0,0.999012835180346,0.0010730052387543099
83,1.0,0.9990918083659184,0.0009871648196539962
84,1.0,0.9991644636966449,0.0009081916340816232
85,1.0,0.9992313066009133,0.0008355363033550889
86,1.0,0.9992928020728402,0.0007686933990866951
87,1.0,0.999349377907013,0.0007071979271597861
88,1.0,0.999401427674452,0.0006506220929870521
89,1.0,0.9994493134604958,0.0005985723255480524
90,1.0,0.9994933683836561,0.000550686539504186
91,1.0,0.9995338989129636,0.0005066316163439
92,1.0,0.9995711869999265,0.00046610108703637465
93,1.0,0.9996054920399324,0.0004288130000734691
94,1.0,0.9996370526767379,0.0003945079600675694
95,1.0,0.9996660884625989,0.00036294732326214163
96,1.0,0.9996928013855909,0.00033391153740114365
97,1.0,0.9997173772747436,0.0003071986144090877
98,1.0,0.9997399870927641,0.0002826227252563651
99,1.0,0.999760788125343,0.00026001290723587367
100,0.0,0.9197799250753156,-0.999760788125343
101,0.0,0.8461975310692903,-0.9197799250753156
102,0.0,0.7785017285837471,-0.8461975310692903
103,0.0,0.7162215902970474,-0.7785017285837471
104,0.0,0.6589238630732835,-0.7162215902970474
105,0.0,0.6062099540274208,-0.6589238630732835
106,0.0,0.5577131577052272,-0.6062099540274208
107,0.0,0.5130961050888091,-0.5577131577052272
108,0.0,0.4720484166817044,-0.5130961050888091
109,0.0,0.43428454334716804,-0.4720484166817044
110,0.0,0.3995417798793946,-0.43428454334716804
111,0.0,0.367578437489043,-0.3995417798793946
112,0.0,0.33817216248991955,-0.367578437489043
113,0.0,0.311118389490726,-0.33817216248991955
114,0.0,0.2862289183314679,-0.311118389490726
115,0.0,0.26333060486495047,-0.2862289183314679
116,0.0,0.24226415647575444,-0.26333060486495047
117,0.0,0.22288302395769408,-0.24226415647575444
118,0.0,0.20505238204107856,-0.22288302395769408
119,0.0,0.18864819147779227,-0.20505238204107856
120,0.0,0.1735563361595689,-0.18864819147779227
121,0.0,0.15967182926680337,-0.1735563361595689
122,0.0,0.1468980829254591,-0.15967182926680337
123,0.0,0.1351462362914224,-0.1468980829254591
124,0.0,0.1243345373881086,-0.1351462362914224
125,0.0,0.11438777439705991,-0.1243345373881086
126,0.0,0.10523675244529512,-0.11438777439705991
127,0.0,0.09681781224967151,-0.10523675244529512
128,0.0,0.0890723872696978,-0.09681781224967151
129,0.0,0.08194659628812197,-0.0890723872696978
130,0.0,0.07539086858507221,-0.08194659628812197
131,0.0,0.06935959909826643,-0.07539086858507221
132,0.0,0.06381083117040512,-0.06935959909826643
133,0.0,0.05870596467677271,-0.06381083117040512
134,0.0,0.05400948750263089,-0.05870596467677271
135,0.0,0.04968872850242042,-0.05400948750263089
136,0.0,0.045713630222226784,-0.04968872850242042
137,0.0,0.042056539804448644,-0.045713630222226784
138,0.0,0.03869201662009275,-0.042056539804448644
139,0.0,0.03559665529048533,-0.03869201662009275
140,0.0,0.032748922867246504,-0.03559665529048533
141,0.0,0.030129009037866784,-0.032748922867246504
142,0.0,0.027718688314837443,-0.030129009037866784
143,0.0,0.025501193249650448,-0.027718688314837443
144,0.0,0.023461097789678413,-0.025501193249650448
145,0.0,0.02158420996650414,-0.023461097789678413
146,0.0,0.01985747316918381,-0.02158420996650414
147,0.0,0.018268875315649104,-0.01985747316918381
148,0.0,0.016807365290397176,-0.018268875315649104
149,0.0,0.015462776067165403,-0.016807365290397176
150,0.0,0.01422575398179217,-0.015462776067165403
151,0.0,0.013087693663248797,-0.01422575398179217
152,0.0,0.012040678170188893,-0.013087693663248797
153,0.0,0.011077423916573782,-0.012040678170188893
154,0.0,0.010191230003247878,-0.011077423916573782
155,0.0,0.009375931602988049,-0.010191230003247878
156,0.0,0.008625857074749005,-0.009375931602988049
157,0.0,0.007935788508769085,-0.008625857074749005
158,0.0,0.007300925428067559,-0.007935788508769085
159,0.0,0.006716851393822154,-0.007300925428067559
160,0.0,0.0061795032823163815,-0.006716851393822154
161,0.0,0.005685143019731071,-0.0061795032823163815
162,0.0,0.005230331578152585,-0.005685143019731071
163,0.0,0.004811905051900378,-0.005230331578152585
164,0.0,0.004426952647748348,-0.004811905051900378
165,0.0,0.00407279643592848,-0.004426952647748348
166,0.0,0.0037469727210542015,-0.00407279643592848
167,0.0,0.0034472149033698656,-0.0037469727210542015
168,0.0,0.0031714377111002764,-0.0034472149033698656
169,0.0,0.0029177226942122543,-0.0031714377111002764
170,0.0,0.002684304878675274,-0.0029177226942122543
171,0.0,0.002469560488381252,-0.002684304878675274
172,0.0,0.002271995649310752,-0.002469560488381252
173,0.0,0.002090235997365892,-0.002271995649310752
174,0.0,0.0019230171175766205,-0.002090235997365892
175,0.0,0.0017691757481704908,-0.0019230171175766205
176,0.0,0.0016276416883168516,-0.0017691757481704908
177,0.0,0.0014974303532515035,-0.0016276416883168516
178,0.0,0.0013776359249913833,-0.0014974303532515035
179,0.0,0.0012674250509920725,-0.0013776359249913833
180,0.0,0.0011660310469127067,-0.0012674250509920725
181,0.0,0.0010727485631596902,-0.0011660310469127067
182,0.0,0.000986928678106915,-0.0010727485631596902
183,0.0,0.0009079743838583617,-0.000986928678106915
184,0.0,0.0008353364331496928,-0.0009079743838583617
185,0.0,0.0007685095184977173,-0.0008353364331496928
186,0.0,0.0007070287570178999,-0.0007685095184977173
187,0.0,0.0006504664564564679,-0.0007070287570178999
188,0.0,0.0005984291399399505,-0.0006504664564564679
189,0.0,0.0005505548087447545,-0.0005984291399399505
190,0.0,0.0005065104240451741,-0.0005505548087447545
191,0.0,0.0004659895901215602,-0.0005065104240451741
192,0.0,0.0004287104229118354,-0.0004659895901215602
193,0.0,0.00039441358907888857,-0.0004287104229118354
194,0.0,0.0003628605019525775,-0.00039441358907888857
195,0.0,0.00033383166179637127,-0.0003628605019525775
196,0.0,0.00030712512885266156,-0.00033383166179637127
197,0.0,0.00028255511854444865,-0.00030712512885266156
198,0.0,0.00025995070906089274,-0.00028255511854444865
199,0.0,0.00023915465233602132,-0.00025995070906089274
